pH,Turbidity,Dissolved Oxygen,Temperature,Conductivity,TDS,WQI
7.23,26.45,8.73,28.95,812.23,392.68,68.66
7.71,30.18,6.97,13.67,1188.1,828.72,54.53
7.27,7.0,8.26,16.36,291.21,188.28,81.05
7.3,33.38,5.74,16.88,683.69,357.59,64.96
5.77,39.18,4.24,13.19,1530.3,941.1,47.32
6.19,4.89,10.86,17.62,53.07,32.06,92.21
6.23,21.81,8.47,25.26,694.14,383.92,70.92
7.73,11.3,10.38,28.25,505.15,342.84,76.42
5.06,77.82,3.55,31.27,1251.86,754.36,47.99
6.49,30.48,6.87,30.86,617.22,368.73,67.99
6.05,65.96,5.56,17.5,646.0,314.8,62.4
7.35,9.15,8.16,20.16,327.21,160.16,82.81
7.85,21.56,6.25,27.01,533.94,327.43,72.05
6.91,19.44,7.4,20.1,492.28,293.29,74.08
8.03,36.46,3.9,33.16,888.99,506.08,57.4
5.78,70.24,5.51,31.25,865.84,616.14,56.04
6.92,42.24,7.86,19.45,598.1,322.02,68.18
5.4,77.22,1.92,39.75,985.35,576.03,39.42
8.03,20.41,7.92,21.03,281.08,213.79,78.31
7.5,18.08,5.13,19.12,617.8,401.08,68.57
7.12,10.77,7.83,15.71,515.39,335.5,72.82
6.33,55.06,4.69,33.76,1195.5,697.78,52.68
6.62,9.1,9.4,21.41,125.17,69.68,89.82
7.14,12.59,10.62,23.88,430.11,257.02,79.56
6.14,20.87,7.87,20.05,336.09,238.38,76.6
8.33,44.24,5.39,16.1,818.25,527.06,57.51
5.89,44.99,5.62,32.7,586.99,335.67,64.0
9.2,67.11,1.99,11.39,1104.14,691.72,38.19
8.26,91.57,3.87,12.58,1726.94,1042.39,41.36
6.5,15.2,6.48,22.94,795.53,549.87,68.28
7.09,22.16,7.98,17.62,641.75,350.5,69.68
7.44,2.37,11.33,22.12,342.48,180.88,85.99
8.45,55.78,5.56,29.21,1349.63,754.09,54.1
8.4,46.91,5.54,16.81,925.18,602.06,56.15
6.12,33.83,4.69,17.42,979.87,684.98,56.97
6.45,71.62,4.89,11.86,1116.82,612.44,48.84
9.0,47.55,3.65,30.62,1714.74,1030.72,47.5
4.93,24.09,5.95,20.42,1185.88,730.4,58.02
6.03,53.71,3.67,32.24,1398.91,752.06,50.73
6.49,15.83,6.04,31.32,806.62,504.8,66.7
6.07,58.72,5.24,15.8,1123.34,663.42,53.05
6.87,15.93,8.28,16.71,365.53,270.1,75.42
6.0,29.49,7.99,27.44,648.49,377.02,69.08
7.96,64.0,5.65,12.94,1251.88,829.02,48.34
7.49,21.28,9.25,21.68,447.9,249.41,76.28
6.53,13.7,5.54,26.28,250.36,162.09,81.61
5.07,19.92,5.21,12.47,740.74,441.51,58.56
7.93,42.67,4.58,32.69,791.72,434.35,59.84
6.59,35.58,8.55,22.99,703.83,438.44,67.4
5.64,82.43,3.95,13.12,1500.27,970.72,43.05
6.11,63.32,4.81,35.69,1206.27,744.19,49.8
4.52,48.92,2.71,36.68,941.4,617.97,44.73
6.93,11.76,7.65,15.4,423.83,216.87,75.92
6.62,39.63,5.61,25.94,464.48,232.28,71.66
7.64,15.49,8.07,18.67,427.1,215.47,77.05
7.75,19.61,6.63,22.94,371.57,231.47,76.96
5.81,35.31,6.29,15.6,652.38,331.27,63.97
7.64,22.56,7.66,15.73,706.95,351.14,67.2
7.64,67.79,2.24,37.83,758.24,387.67,49.16
4.81,82.26,3.91,35.56,1491.04,842.37,43.12
5.79,31.46,7.51,19.59,684.2,412.86,66.18
7.47,38.12,8.18,27.99,813.65,494.66,64.94
5.77,25.81,7.61,13.82,1155.45,806.24,55.48
5.98,26.46,6.67,22.11,570.55,323.51,70.59
6.44,30.78,8.75,31.13,904.16,449.66,65.11
5.94,29.63,5.1,30.21,659.67,395.31,65.45
5.66,42.28,6.74,21.79,695.1,347.92,65.87
6.28,33.76,3.01,34.62,819.14,405.27,57.23
4.83,31.43,3.19,37.54,1860.03,1203.68,41.64
8.54,62.78,7.44,14.55,1165.16,616.19,52.67
5.69,56.69,3.24,35.21,1120.03,733.94,47.81
8.84,24.84,5.8,20.8,1231.49,752.36,58.14
7.26,13.74,9.41,20.8,568.46,395.97,73.8
7.9,77.45,5.13,36.7,1191.11,698.0,48.89
9.51,70.39,4.13,13.83,917.45,560.72,47.38
5.64,58.47,6.09,35.18,1135.75,724.92,51.69
5.1,26.72,4.98,14.92,769.45,513.21,58.03
6.38,36.68,8.38,16.45,648.96,365.77,65.66
7.99,45.76,5.9,29.94,632.84,356.72,65.08
6.85,22.15,8.24,26.22,489.48,263.43,75.52
7.8,19.69,6.79,27.55,429.06,249.72,75.73
5.64,50.85,5.16,18.15,909.12,487.13,57.96
6.77,19.22,8.5,22.23,484.49,361.74,73.98
9.24,79.05,2.88,37.51,867.11,581.82,43.88
9.3,94.66,3.1,35.33,1476.84,947.01,40.26
9.36,67.05,4.31,38.36,920.66,601.92,45.42
6.91,16.75,8.97,25.27,388.75,206.79,79.8
5.04,34.32,6.85,17.86,668.3,351.48,63.96
4.81,77.26,3.85,15.07,1254.34,795.04,44.85
9.22,31.76,6.21,17.32,933.07,615.51,56.95
5.67,38.2,3.35,14.62,905.78,582.25,52.59
7.04,31.18,8.64,22.26,506.23,292.22,72.74
5.46,35.86,4.57,33.75,968.31,557.61,56.04
5.3,57.75,5.79,29.31,1233.16,758.93,53.9
6.08,35.88,5.81,19.86,763.17,453.14,63.57
8.34,26.65,7.23,26.08,500.45,296.57,71.97
7.92,31.22,5.16,16.66,1154.38,608.73,57.45
8.1,74.36,6.0,32.39,1073.74,548.93,55.53
8.74,75.83,2.62,40.0,1042.39,709.49,39.41
6.41,8.34,10.29,24.14,332.11,172.55,84.13
6.4,4.01,10.26,22.46,513.51,366.19,78.76
7.79,13.79,7.65,25.63,529.53,305.14,75.73
4.59,63.07,4.14,17.41,798.68,469.33,53.26
6.84,15.88,11.25,21.95,137.14,71.08,88.05
7.15,21.5,8.68,23.94,465.5,244.34,76.58
7.53,19.38,7.17,17.96,370.97,218.92,75.84
5.46,45.65,6.2,29.65,1231.83,734.75,55.86
8.21,33.38,3.97,17.85,1010.03,621.03,56.27
8.16,28.57,1.0,38.11,1548.23,854.07,38.69
7.35,16.01,8.39,19.4,179.91,70.13,85.56
8.05,24.44,5.57,30.85,762.84,477.05,64.53
5.87,33.27,4.46,16.83,845.7,558.38,58.2
5.27,62.67,4.82,14.89,811.55,536.79,53.17
7.76,25.75,6.61,21.3,833.46,390.27,67.39
5.96,61.1,5.56,34.8,1045.74,685.75,52.66
6.56,19.26,9.13,25.26,292.31,190.04,80.81
7.71,23.39,8.21,23.01,210.36,115.78,82.58
6.84,16.73,8.6,18.64,480.25,245.91,75.79
8.3,48.68,4.43,30.03,811.26,399.7,60.35
5.95,16.82,7.08,30.35,534.1,348.53,72.01
5.75,25.52,6.34,18.1,866.63,554.96,62.25
8.33,23.11,7.75,26.81,714.96,346.21,69.93
9.12,77.83,2.24,36.42,1749.4,919.94,37.57
5.14,46.78,6.98,20.35,899.9,593.05,58.55
6.18,83.89,2.5,15.37,1116.2,683.79,46.14
5.61,44.25,6.93,19.3,678.56,423.12,63.4
5.06,46.38,4.23,28.5,745.8,386.8,60.12
8.58,75.81,4.7,32.92,1711.79,1164.32,46.21
5.42,78.96,3.75,35.47,1436.0,776.02,45.32
6.34,27.61,6.78,23.61,663.28,380.3,69.19
6.04,84.92,5.59,10.12,1501.03,1017.8,41.93
6.92,8.84,9.64,22.26,364.47,215.27,82.16
8.07,30.2,7.05,25.94,902.5,552.56,64.02
6.33,15.47,6.26,31.72,765.84,430.33,68.06
7.94,18.2,5.54,28.91,953.98,611.94,63.97
5.22,81.03,3.67,11.43,1942.78,1088.5,38.36
6.6,2.34,8.1,20.02,374.96,193.04,83.72
8.46,32.29,6.28,19.58,1013.94,487.38,61.48
6.24,21.14,10.11,27.34,412.27,304.43,75.68
5.58,84.04,3.22,14.61,1600.52,1094.52,42.06
6.38,49.34,4.53,30.33,830.08,537.7,58.91
6.93,42.3,4.55,17.58,1131.67,784.71,54.58
6.95,5.92,8.86,26.42,157.3,154.9,88.09
7.27,12.1,6.33,21.3,614.18,287.59,74.81
6.17,41.78,5.65,33.64,523.71,268.47,66.2
9.3,28.6,4.24,15.67,1159.27,775.23,51.08
8.85,52.76,5.07,15.53,909.96,516.48,54.21
8.0,49.08,6.0,20.64,664.47,338.52,65.13
5.85,43.65,4.49,31.51,970.34,511.5,57.75
8.92,72.48,4.1,33.4,1421.09,989.14,45.73
6.67,12.05,9.6,28.07,496.72,244.09,78.65
7.15,8.16,9.7,27.85,105.36,30.0,92.33
8.33,53.64,5.57,35.08,820.61,528.47,55.67
6.49,39.77,5.06,23.53,561.32,322.58,67.82
5.6,39.41,2.61,30.54,1557.13,797.54,49.33
7.96,27.29,7.41,17.32,569.81,336.5,68.41
5.13,36.42,4.46,16.16,1083.54,607.89,53.75
7.22,26.57,7.42,21.84,655.84,328.28,70.77
7.4,31.03,8.44,17.99,749.31,448.13,65.58
7.06,15.79,7.77,22.74,417.31,302.71,76.73
5.07,62.91,3.47,33.52,1595.63,1041.0,44.32
6.46,8.89,10.4,20.6,360.0,192.0,82.25
5.58,39.68,5.39,33.23,1345.97,728.58,53.72
5.17,32.96,1.82,30.3,1017.02,582.8,50.89
5.87,21.61,7.26,18.74,572.66,296.02,71.03
8.43,62.96,3.69,19.12,1292.16,659.98,51.29
6.52,28.34,9.46,21.88,498.19,253.72,74.23
7.36,19.41,7.43,27.71,348.04,193.38,78.96
7.97,54.76,4.52,35.62,1296.16,794.52,49.29
6.96,9.56,7.74,22.2,341.17,178.8,82.55
8.03,69.98,4.19,12.46,761.35,451.08,52.31
6.36,36.52,7.24,20.57,744.08,383.15,66.47
8.08,34.91,4.6,31.42,1290.0,763.39,55.11
6.84,10.05,10.14,28.48,483.37,278.38,78.68
5.01,80.63,2.45,15.82,1178.57,609.12,44.76
5.37,45.44,4.17,14.46,1353.73,750.63,48.76
7.63,43.49,6.23,16.74,832.65,375.95,62.19
6.63,1.85,10.72,23.07,144.36,94.71,92.09
6.57,7.54,6.78,26.6,171.15,116.89,87.29
7.37,30.65,7.87,28.38,320.47,221.97,76.2
7.14,11.17,8.54,19.11,527.58,344.23,74.99
7.04,14.95,10.01,24.73,531.68,356.25,75.54
5.85,47.46,6.62,16.37,683.74,425.88,61.28
8.54,21.74,4.47,16.09,825.86,479.78,60.4
5.78,21.11,8.88,23.08,613.42,360.78,71.56
7.85,28.1,5.78,18.34,482.93,256.35,70.56
5.36,46.47,4.25,17.64,1022.1,500.27,55.47
8.56,60.25,4.16,36.93,1316.6,730.75,46.41
6.3,23.84,9.18,24.7,569.59,327.9,72.95
5.26,41.13,4.67,30.91,604.96,335.98,63.04
6.9,7.39,10.51,27.76,450.82,278.34,80.25
5.32,44.29,4.49,17.3,761.35,362.47,59.65
4.61,40.77,2.65,14.36,898.24,505.43,48.59
6.32,18.58,10.23,19.31,389.73,240.72,76.97
5.24,32.64,4.01,13.0,1387.74,918.44,47.13
5.37,61.14,4.67,13.31,1454.88,857.79,45.77
7.36,31.33,8.46,27.3,658.18,445.22,68.29
6.84,25.72,6.89,25.02,341.05,200.35,77.51
5.4,52.93,3.74,37.26,1062.6,739.15,46.72
5.53,66.14,4.38,28.89,734.66,465.93,58.41
7.62,26.79,8.56,24.44,351.9,193.39,77.87
7.29,8.0,11.07,21.16,278.0,216.91,83.51
6.11,39.95,4.88,29.22,875.19,452.48,61.67
5.63,45.9,3.83,12.99,1358.95,792.48,46.8
5.3,86.39,5.47,40.0,1979.31,1184.69,38.79
7.44,59.65,4.48,35.36,1171.89,773.33,50.22
8.13,46.42,6.29,13.41,1467.68,1060.4,48.63
7.73,20.93,6.54,22.26,821.95,460.28,67.6
5.97,57.83,2.49,36.4,1052.49,677.55,45.94
7.68,42.58,5.35,28.1,737.73,471.6,63.1
6.66,31.23,6.75,22.42,604.11,296.46,70.73
7.49,19.58,9.68,17.79,890.96,579.44,65.37
8.91,44.74,5.58,12.53,1597.06,1110.69,45.07
6.63,16.06,9.32,17.03,452.81,293.12,74.28
8.12,23.06,9.18,18.9,627.19,361.14,69.72
7.27,19.28,7.39,20.81,516.4,297.95,74.0
5.34,48.06,4.48,14.35,1636.97,1095.46,45.87
4.64,78.72,4.5,10.0,887.13,461.95,45.28
7.32,16.52,10.27,20.06,414.43,201.14,78.85
7.91,52.46,6.17,30.63,682.18,434.13,62.58
5.81,46.32,4.51,16.55,1089.91,567.21,54.76
6.87,32.68,6.72,17.33,665.63,435.95,64.95
7.61,32.42,7.04,28.68,420.23,231.37,73.68
6.51,11.15,10.77,20.06,160.53,81.59,87.79
6.13,29.27,3.59,30.89,948.94,601.28,58.07
6.83,16.43,6.64,25.85,451.53,238.29,77.19
9.42,90.71,1.37,11.83,1425.45,794.82,32.55
7.55,32.49,7.2,30.52,969.0,579.41,62.25
6.01,16.82,8.35,15.68,846.66,617.98,63.41
4.95,31.0,2.78,10.33,1285.54,711.96,42.73
6.07,39.0,5.06,10.0,1599.11,1025.89,44.58
8.73,59.93,6.45,26.53,1210.28,841.64,54.35
6.88,10.35,12.0,20.51,387.02,212.97,81.24
6.63,25.57,6.89,27.68,394.44,253.36,75.1
7.33,7.27,11.3,19.8,487.93,254.7,79.62
7.57,13.46,8.07,19.75,565.54,362.24,73.48
8.46,41.99,7.02,13.57,1174.43,667.24,53.01
6.8,13.48,7.39,20.78,381.61,253.97,78.17
8.44,48.43,3.63,13.67,1434.94,872.02,45.91
5.2,88.0,4.29,31.38,992.95,619.27,51.69
7.29,16.17,9.13,21.64,516.0,308.99,75.55
6.64,7.73,7.45,16.68,424.02,318.24,75.74
9.42,38.62,5.96,33.94,1343.06,736.56,51.11
6.12,36.44,6.45,17.04,1030.02,645.74,58.24
7.57,22.05,6.18,27.42,585.09,381.75,70.51
6.98,13.67,9.62,19.54,457.29,311.72,76.2
7.57,25.98,9.01,27.76,913.16,464.15,67.17
5.45,27.18,5.54,30.25,968.34,497.15,61.75
5.18,30.83,4.81,15.56,1154.65,772.62,52.82
6.15,35.77,5.18,31.77,653.54,369.14,64.48
7.05,41.8,6.05,15.14,420.95,231.23,68.07
6.53,12.1,7.45,24.19,283.26,159.6,83.12
6.14,41.3,4.86,14.49,1050.95,607.99,54.24
8.86,40.19,3.58,32.28,726.25,427.0,57.53
4.99,64.17,2.44,14.73,1436.9,723.51,42.54
5.69,11.94,5.89,25.05,637.35,370.9,72.03
7.53,13.46,7.73,23.4,407.43,277.26,78.0
9.5,71.99,1.19,32.61,1553.48,1032.17,35.56
8.19,74.71,5.05,36.43,1252.54,659.97,48.94
8.16,21.62,6.06,30.69,526.81,264.58,71.63
5.23,45.56,4.09,13.51,1352.7,636.86,48.48
6.62,26.09,8.42,19.05,549.62,373.06,70.17
5.03,29.42,5.82,16.02,740.99,354.15,62.04
9.13,36.61,4.12,13.47,953.62,644.79,50.21
7.14,10.13,9.18,27.66,294.64,205.52,82.83
6.04,42.06,4.76,13.88,813.45,515.76,55.81
8.94,54.41,4.11,26.32,626.27,354.49,61.18
5.39,67.02,1.96,15.34,1601.79,963.92,40.19
5.2,63.2,2.28,33.17,1564.68,802.69,43.43
9.7,67.58,3.06,39.49,997.98,665.28,39.21
9.02,63.55,2.69,14.27,1844.01,1134.87,39.4
8.7,68.95,2.94,13.48,1342.58,918.28,41.94
7.66,32.47,2.01,10.0,859.2,587.53,45.77
7.42,21.66,6.64,19.27,724.55,494.68,66.77
7.92,34.08,7.6,23.23,730.95,423.84,66.84
6.02,34.76,6.77,17.03,1160.15,664.93,57.81
6.07,25.57,5.62,17.05,1120.21,582.94,59.75
7.61,29.22,5.42,17.17,652.61,348.02,65.83
6.68,12.7,10.39,16.31,314.27,183.46,79.47
6.64,11.51,8.18,28.3,290.45,179.93,82.56
5.06,77.96,3.14,32.63,935.75,473.05,50.98
4.54,69.15,4.06,31.63,1449.65,837.76,46.29
8.84,56.17,3.82,17.68,969.0,532.83,53.14
5.25,34.87,5.92,32.23,711.49,462.0,61.35
6.02,39.25,7.51,28.36,502.4,298.73,70.06
8.67,30.81,5.0,18.3,1124.03,755.0,55.7
5.0,90.87,4.4,39.38,1299.76,715.05,41.51
5.69,55.06,5.67,32.62,795.5,412.05,59.63
6.39,17.4,4.66,33.31,849.79,549.09,62.48
8.97,79.26,2.75,10.0,1396.59,929.26,36.0
6.89,12.75,7.34,29.8,589.19,329.16,74.21
7.93,53.52,2.5,33.88,1178.93,598.82,49.12
6.53,8.56,11.66,23.71,222.76,114.64,87.68
10.0,64.46,4.18,12.61,1577.92,1020.23,38.34
6.74,12.83,6.11,18.39,264.44,201.74,79.29
7.11,9.37,9.09,24.58,410.94,260.12,80.46
6.85,7.2,10.15,23.3,193.68,50.53,90.66
7.74,18.64,8.85,23.74,341.48,204.9,79.48
6.25,17.81,8.59,20.41,577.01,360.42,72.5
5.64,35.68,8.31,17.55,513.8,234.86,69.7
6.38,16.22,10.15,23.87,227.32,144.08,83.98
6.17,49.75,5.81,36.36,861.56,615.85,54.42
6.74,39.68,5.76,29.85,785.39,420.82,64.03
7.86,24.96,6.36,27.67,736.76,425.52,67.6
7.04,9.77,9.95,20.17,471.47,310.52,77.67
5.9,34.6,7.88,18.74,846.62,568.85,62.06
8.04,32.34,5.23,16.96,791.41,544.89,60.11
6.16,19.74,5.32,16.35,518.17,293.48,69.34
5.73,29.41,5.51,33.3,1464.56,942.44,53.78
4.89,70.98,2.05,17.43,999.01,687.29,44.74
5.94,51.46,6.46,31.72,1126.39,692.4,56.08
5.72,36.95,5.67,15.77,877.59,444.6,59.46
4.95,33.38,3.57,36.18,756.82,500.86,53.38
5.12,61.11,5.25,34.37,1089.21,660.16,51.06
8.09,39.17,5.11,17.17,1308.08,765.89,54.13
6.61,72.05,5.54,30.65,1327.78,808.99,53.32
7.36,46.96,5.93,29.41,800.0,411.2,63.5
7.51,23.91,6.41,27.38,323.42,186.28,77.78
5.39,46.71,5.13,16.46,997.11,594.36,54.73
7.18,9.38,10.74,25.85,343.14,142.99,84.79
7.19,10.89,10.23,25.18,296.47,177.25,83.88
8.34,20.09,7.21,20.31,1070.06,670.43,62.61
5.63,61.42,6.45,15.04,1223.33,714.3,51.69
8.0,36.41,8.86,28.76,956.63,641.54,61.91
7.35,15.35,9.15,28.31,350.48,220.49,79.81
6.27,35.29,8.78,21.78,554.84,379.96,69.32
6.99,16.62,6.1,30.51,473.5,309.08,73.53
7.45,39.67,4.44,33.33,1098.95,678.46,55.1
5.81,35.69,5.47,16.88,708.24,359.97,63.16
9.14,48.44,7.26,33.53,1132.04,661.15,53.53
6.79,10.96,8.56,30.71,460.58,266.16,77.56
7.61,42.8,3.51,13.01,955.0,654.68,50.55
6.69,15.71,8.97,19.97,332.89,219.66,79.28
6.61,18.48,10.38,22.6,360.38,200.62,79.85
4.99,58.03,2.68,13.75,1626.33,1151.57,39.59
5.08,31.83,7.34,28.94,701.15,518.56,63.29
7.58,89.14,3.12,11.22,1704.23,976.46,39.54
6.71,17.7,5.13,24.15,640.23,458.94,69.14
8.12,72.24,1.28,35.48,1372.2,824.77,38.88
7.27,5.68,7.81,24.1,341.27,194.81,83.8
4.5,37.19,2.18,34.12,1212.93,780.58,44.1
6.74,8.48,10.59,25.6,98.6,65.96,91.54
7.18,15.6,10.15,24.44,511.53,314.76,76.4
7.77,32.29,6.24,26.38,909.12,624.45,62.51
6.68,14.18,7.18,19.12,403.16,230.78,77.35
7.09,7.56,8.14,21.08,482.64,281.34,78.77
7.34,16.35,10.54,27.13,404.88,200.58,79.96
8.54,60.66,4.37,15.67,648.63,371.7,57.7
6.22,14.92,6.77,18.2,517.03,326.74,72.52
9.15,78.72,1.5,10.0,1702.25,1106.92,29.7
6.78,36.5,6.61,18.78,649.05,392.68,66.05
4.92,68.08,5.54,33.89,1625.02,966.11,46.69
5.66,32.15,7.82,17.3,772.97,466.75,63.07
7.81,37.59,6.93,22.19,713.36,440.22,65.71
8.27,37.61,7.51,32.08,537.19,327.91,67.11
5.68,51.47,7.02,17.19,547.01,279.57,65.56
7.82,26.37,8.72,20.41,488.06,310.65,72.39
6.86,9.96,8.42,19.55,578.27,348.2,74.99
6.29,43.85,5.96,28.37,764.12,493.09,62.91
7.63,43.21,6.95,28.36,502.7,252.32,70.69
6.75,16.79,8.25,28.01,438.11,248.58,77.44
9.38,61.75,2.93,33.9,971.61,650.27,46.59
8.17,66.66,4.67,33.45,1433.74,955.14,48.67
4.55,73.36,1.0,35.11,1331.17,803.79,34.81
7.57,26.87,8.37,23.77,374.3,229.93,76.52
6.2,31.08,6.11,36.25,1198.7,746.91,54.38
7.52,17.77,7.75,20.02,376.3,217.41,77.65
6.48,19.47,9.35,21.49,869.16,559.76,67.46
5.18,63.18,5.72,17.22,1020.32,665.17,53.04
6.55,18.3,6.55,22.26,348.1,200.35,78.46
6.99,15.21,9.42,26.09,370.97,160.66,81.81
5.99,36.65,4.43,15.47,1236.05,750.11,52.76
8.67,58.06,4.04,32.37,1096.81,760.85,50.63
8.56,61.81,3.85,36.82,642.36,357.0,54.68
5.05,51.98,1.78,14.05,791.66,383.57,48.23
8.87,45.81,4.92,13.4,1502.64,879.85,46.73
6.77,3.79,10.49,24.28,323.44,217.32,85.0
5.33,46.91,5.59,12.88,939.82,596.07,52.02
8.32,42.14,7.62,16.68,500.68,301.76,66.53
6.78,17.49,5.99,16.95,319.07,180.03,76.72
6.7,50.83,6.71,32.99,879.25,598.49,58.47
6.68,11.24,10.34,19.41,229.13,134.25,84.62
7.84,23.91,8.25,22.48,323.16,231.52,77.25
5.98,33.5,6.44,17.73,589.91,357.68,66.26
5.5,41.38,3.76,18.02,1242.5,618.79,53.33
6.88,7.94,8.35,21.68,354.62,202.4,82.39
6.59,30.52,6.84,26.39,664.57,403.63,68.43
6.39,17.7,9.12,25.52,202.29,127.53,84.3
5.33,78.16,4.28,13.76,1101.7,690.35,47.23
7.48,17.46,8.96,21.89,177.22,108.3,85.02
7.4,20.45,7.44,22.28,624.39,381.14,71.41
6.16,52.19,3.75,35.9,971.64,513.8,52.56
5.88,49.67,7.03,30.57,799.51,474.72,61.66
7.31,25.18,6.33,17.59,659.1,433.06,66.32
9.08,83.68,3.35,13.86,1730.47,907.08,40.79
5.76,54.79,5.14,21.14,1114.51,540.37,57.45
7.56,24.96,8.37,22.8,600.42,377.84,71.08
6.03,65.8,5.25,15.78,1207.56,681.72,51.98
8.29,39.53,6.4,30.26,943.77,593.28,59.79
8.22,47.96,5.33,33.51,1069.17,595.43,55.26
8.05,62.29,6.24,18.02,1452.59,827.24,52.62
7.52,12.96,9.4,22.07,418.92,257.51,78.8
7.04,12.16,8.53,18.08,472.7,354.56,74.47
9.42,86.94,2.53,35.81,1005.83,510.43,44.02
6.59,4.7,11.28,20.34,276.22,145.44,86.41
6.87,15.89,8.59,26.43,290.86,147.57,82.8
9.03,30.07,5.3,16.78,1003.38,718.9,55.11
7.37,15.19,7.63,17.94,617.73,319.09,72.29
8.49,85.16,1.61,35.21,820.47,536.01,44.76
6.9,8.78,8.28,28.45,358.12,197.68,82.12
7.9,24.14,7.16,25.65,629.46,395.35,69.96
6.26,31.09,6.86,26.24,637.82,375.26,68.84
5.83,82.0,2.44,35.8,931.98,544.9,46.99
6.9,13.12,6.8,20.64,103.23,82.91,87.2
5.07,58.66,3.06,12.91,1308.38,691.82,43.66
4.92,56.86,6.36,13.18,1143.06,694.3,48.94
4.82,40.56,3.09,13.84,1683.88,1148.78,41.94
6.19,13.8,6.39,17.87,718.62,389.06,69.32
8.99,43.33,4.76,15.67,1217.6,816.17,49.94
7.29,12.58,9.75,24.47,200.28,107.62,86.79
7.32,32.14,6.18,22.48,729.32,403.16,67.02
6.05,49.1,4.14,10.0,965.04,534.91,48.5
5.33,51.82,3.48,36.91,1942.94,1256.55,41.35
9.61,36.84,3.92,38.12,1870.13,937.08,41.36
7.94,17.12,7.97,33.77,845.46,496.18,65.3
7.15,21.55,6.89,29.47,330.24,195.06,77.83
8.26,33.97,5.61,12.19,790.05,419.94,57.33
6.68,7.87,9.69,24.89,442.21,240.96,81.18
9.43,94.98,2.33,37.42,1213.94,627.67,39.07
5.95,13.09,10.11,20.52,357.91,172.73,80.8
7.11,9.03,11.95,27.42,407.6,234.53,81.51
7.77,18.83,7.03,28.22,646.37,402.07,70.58
6.41,26.45,7.09,19.02,502.71,328.94,70.67
6.37,18.56,7.02,18.22,414.64,251.51,74.68
8.82,41.03,2.28,12.14,1466.13,1010.07,39.93
5.75,72.92,4.61,33.35,689.58,460.46,56.76
8.57,82.58,3.49,39.77,1464.64,1033.58,38.02
5.18,28.09,5.85,27.79,971.29,539.1,61.51
6.42,22.03,7.5,31.36,643.24,357.48,69.74
6.58,28.7,6.63,32.39,747.93,455.74,64.72
7.32,14.74,7.36,18.54,483.78,292.62,74.57
6.22,73.12,5.52,15.26,1539.65,1007.73,48.24
7.65,12.26,6.31,29.96,577.6,349.8,73.03
9.23,73.11,3.88,35.09,1472.22,989.33,42.88
4.91,71.33,3.92,32.34,662.22,377.22,56.17
7.79,27.09,10.55,25.72,746.82,450.04,68.72
6.67,12.32,8.77,24.23,219.71,140.73,85.22
7.82,41.76,8.34,19.95,471.91,248.97,71.13
4.96,72.76,3.26,34.99,1375.7,896.31,43.13
6.51,25.77,5.87,20.12,600.92,381.81,68.53
8.38,81.19,3.05,11.0,1091.41,585.1,43.41
7.45,17.12,9.06,22.35,459.84,255.34,77.21
7.0,22.59,8.93,20.61,641.25,380.84,70.94
9.52,59.2,1.97,15.51,1389.75,905.84,39.14
5.66,45.99,2.25,11.59,1651.2,939.31,39.64
6.17,82.49,4.17,33.62,1081.61,732.99,50.37
6.78,4.41,11.75,20.92,302.9,192.98,85.15
7.73,42.31,6.27,34.17,654.8,335.54,63.67
6.95,16.53,8.71,22.91,344.02,185.37,80.75
6.09,16.17,6.47,20.46,574.18,365.85,71.61
6.1,42.27,8.55,20.13,741.32,386.86,65.74
6.64,57.16,3.34,36.46,787.06,495.32,52.52
6.57,9.41,8.91,24.1,164.02,111.19,88.0
5.94,68.02,5.14,31.66,1133.08,806.71,52.58
6.48,36.06,6.17,28.61,823.55,464.52,64.26
7.39,13.82,5.76,19.68,523.22,358.66,72.47
6.33,30.58,8.82,30.7,535.25,367.6,69.61
6.85,3.85,8.14,18.35,328.77,192.46,82.97
7.83,74.92,4.27,32.28,1433.04,825.2,49.82
5.56,36.3,6.3,29.54,1082.65,593.07,59.53
6.3,54.1,4.87,32.33,798.19,380.47,60.44
6.33,27.89,7.55,32.26,939.76,572.33,62.42
5.74,41.97,5.14,34.37,907.46,507.57,56.98
9.28,86.5,5.44,13.29,789.03,423.99,51.49
5.33,48.39,4.04,34.4,829.8,512.4,54.22
5.6,63.9,4.27,33.24,1269.41,839.67,49.26
5.43,54.53,5.15,16.36,942.76,568.9,54.6
6.4,27.04,7.21,23.05,612.44,363.97,70.28
7.84,23.17,7.3,30.87,739.54,453.54,66.91
5.69,43.28,3.14,22.1,836.04,449.06,58.28
8.31,53.3,7.08,33.79,799.31,453.77,59.27
7.96,77.89,3.9,17.98,1450.26,938.4,48.24
7.4,27.99,6.15,21.32,401.97,180.56,75.58
8.34,60.18,3.8,33.13,1424.98,701.4,49.63
8.3,46.59,2.22,40.0,1684.37,1134.83,36.59
8.14,41.04,6.85,14.97,1058.24,711.22,55.01
8.48,50.7,6.34,17.85,943.52,568.58,57.33
5.89,74.68,3.04,17.3,1502.36,797.7,46.8
5.37,28.77,6.58,26.77,420.52,201.08,73.69
6.07,27.69,5.18,20.29,784.15,429.13,64.77
7.56,18.1,9.01,28.24,348.64,180.74,79.99
7.58,21.23,6.95,16.41,765.24,484.21,64.98
6.28,25.57,8.6,19.9,757.81,352.23,69.15
5.86,68.44,6.25,17.93,764.78,404.98,60.18
6.65,15.6,8.89,23.01,397.25,300.32,77.47
7.79,25.78,6.67,24.92,735.2,421.35,68.14
7.48,45.92,4.87,29.42,1162.24,627.89,57.43
7.43,21.28,7.62,20.72,591.82,341.72,71.85
6.12,36.95,4.44,17.34,925.93,510.2,58.49
5.72,48.15,5.19,29.1,1074.83,669.43,56.62
5.8,7.7,7.39,17.88,524.77,250.93,76.05
7.46,4.65,9.28,24.58,349.19,177.9,85.01
6.89,12.75,10.57,18.88,209.55,165.11,83.37
7.8,28.29,6.03,15.85,713.37,444.34,63.15
6.9,27.32,7.63,17.68,585.54,325.65,69.47
6.63,11.8,6.74,22.83,416.9,277.7,77.83
9.05,39.88,4.67,34.89,915.98,625.05,52.82
6.67,20.2,7.36,21.02,433.04,249.66,75.85
8.69,35.42,6.47,16.2,1053.11,612.38,56.59
5.08,49.63,1.99,11.39,1242.16,649.41,40.29
5.63,52.42,4.98,37.94,893.74,586.5,50.88
7.53,19.65,5.89,19.62,283.04,156.96,78.7
5.61,26.71,2.97,32.91,1559.18,870.43,50.44
5.58,65.91,5.04,16.95,822.57,473.03,56.45
7.8,34.5,5.28,33.37,618.89,336.03,64.72
6.31,80.4,3.39,15.18,1079.94,529.59,50.47
6.26,37.06,4.98,34.02,1157.93,644.81,55.54
7.59,16.8,8.33,23.82,573.19,409.59,72.84
5.0,66.4,3.48,17.72,1006.64,507.49,51.51
7.03,12.72,10.27,24.25,509.19,334.05,76.91
6.24,18.49,8.35,24.49,367.41,203.46,79.08
4.92,52.28,5.66,32.7,970.41,482.69,55.79
5.04,67.66,4.21,14.12,1593.41,1017.12,43.36
7.98,20.47,8.59,18.11,597.73,382.01,69.75
4.93,72.7,4.54,38.72,1235.11,759.1,42.88
5.59,28.25,6.68,14.24,814.43,420.82,60.94
6.21,13.93,7.15,27.18,95.84,83.92,87.49
6.94,5.71,10.65,21.93,360.69,229.02,83.11
7.27,17.91,8.01,25.83,639.63,437.64,71.55
6.55,59.88,6.01,14.69,1176.74,719.53,52.43
6.98,27.46,5.37,25.75,735.21,413.0,67.24
6.38,21.82,6.13,28.15,731.07,514.6,66.89
6.45,32.45,5.61,27.63,622.04,329.52,68.58
5.81,29.97,8.07,17.56,800.47,493.11,63.41
9.38,62.37,2.74,34.47,1526.3,969.85,41.04
8.29,21.95,4.74,14.32,1276.39,737.17,54.45
6.05,43.75,4.24,27.7,610.63,333.47,64.81
8.79,23.07,4.49,13.04,1607.14,850.82,49.67
4.5,64.65,3.44,33.17,1246.74,696.66,46.05
6.47,13.2,7.5,23.12,650.39,441.37,72.22
6.79,9.53,10.26,17.25,170.26,109.64,85.67
7.63,39.51,7.81,31.58,872.68,522.58,62.14
6.74,11.65,9.82,16.78,270.51,192.79,80.44
6.95,6.69,9.62,25.89,334.65,199.53,84.04
6.03,63.12,4.54,10.0,1196.89,799.27,44.05
8.32,53.17,7.78,20.17,912.86,507.1,60.53
7.57,28.45,3.89,29.68,707.53,464.27,63.14
9.14,80.83,3.8,32.81,1510.96,933.97,44.73
7.21,19.19,7.4,22.68,646.92,419.26,70.99
8.31,36.58,7.04,17.02,1208.57,797.54,55.74
7.76,34.69,5.94,17.7,834.17,443.4,62.53
8.52,47.17,3.35,15.37,1151.59,763.01,48.68
5.03,56.4,4.47,11.59,1624.38,853.98,42.71
7.15,13.03,11.15,16.37,364.43,262.94,76.88
4.5,52.16,4.06,31.48,754.08,392.92,56.0
8.51,60.5,4.4,35.11,647.07,405.52,56.53
5.46,48.28,2.73,36.03,694.65,431.09,52.43
5.92,29.84,6.63,32.28,826.58,398.21,64.32
7.74,25.52,8.02,18.14,793.73,411.48,66.61
6.43,34.66,6.66,20.08,552.49,308.58,69.38
8.44,71.91,2.78,15.6,1523.48,819.34,44.16
7.88,69.4,3.91,14.38,950.13,506.23,52.04
6.9,12.23,9.11,20.29,340.16,224.74,80.33
6.29,26.77,8.08,15.65,706.84,487.8,63.98
6.23,20.58,7.34,28.85,760.14,475.27,68.0
6.16,37.69,6.39,24.61,419.96,215.85,73.18
6.72,16.79,7.74,22.28,319.64,143.43,81.64
5.4,52.64,1.97,14.53,1236.97,831.64,42.47
6.47,34.58,6.51,33.04,1269.39,758.97,56.78
5.73,24.41,6.55,25.12,902.89,517.86,65.03
7.61,54.75,4.32,13.83,1075.42,657.59,50.98
7.08,5.24,7.04,24.48,365.93,208.83,82.94
5.6,31.58,6.18,18.46,851.94,466.55,62.27
7.05,13.8,9.58,25.99,480.98,305.22,77.32
6.75,21.44,8.81,21.74,307.62,150.47,80.7
6.28,48.5,6.61,22.5,1023.66,680.14,59.24
6.68,16.55,11.4,16.45,494.32,266.19,74.29
6.35,46.15,8.13,31.1,873.62,512.74,61.84
6.57,26.0,8.0,29.08,323.03,213.65,77.07
5.89,48.13,5.97,31.2,1372.14,760.31,54.76
6.1,29.16,6.72,27.9,1016.84,569.0,63.08
5.59,32.0,6.83,33.72,939.62,538.79,59.57
8.88,45.28,3.97,36.59,1743.36,1077.9,43.77
7.6,47.0,5.54,32.24,804.4,521.26,59.71
7.85,17.44,10.55,23.41,315.25,217.01,80.08
7.52,18.66,7.6,23.69,582.82,367.24,72.76
9.37,69.18,4.55,34.93,1492.77,774.82,45.29
6.11,25.24,7.14,18.62,926.29,503.18,64.05
4.52,31.64,6.42,15.14,858.76,450.31,57.27
5.24,29.54,1.73,11.62,1297.37,655.04,42.58
7.09,11.99,7.09,27.67,105.0,30.0,90.12
8.56,23.03,7.6,30.4,1000.81,612.51,62.32
5.41,30.71,3.73,30.87,564.46,362.4,63.35
7.36,27.21,9.11,33.27,878.13,405.15,65.55
9.21,78.68,1.16,37.52,1432.97,893.3,32.72
5.65,34.97,4.24,33.28,1523.67,991.73,50.64
7.63,18.89,8.83,20.08,497.37,254.63,75.37
6.11,46.04,7.55,27.06,672.47,350.49,66.99
6.44,12.22,8.12,21.74,100.9,64.96,88.99
5.64,19.59,5.69,27.76,784.22,390.76,67.75
5.75,26.1,4.09,15.47,530.28,281.55,65.06
7.18,19.78,9.02,26.09,675.66,445.8,71.0
6.93,15.79,10.02,19.88,240.71,172.73,82.17
6.55,19.37,7.46,21.08,481.81,311.39,74.1
7.58,5.55,7.15,25.4,275.16,124.57,86.34
6.58,17.52,8.28,20.42,368.01,253.95,77.37
7.51,14.83,8.29,23.05,241.43,161.12,83.09
8.15,28.85,4.81,35.4,683.25,381.74,61.51
5.96,24.36,10.16,20.17,505.98,274.69,73.41
8.39,49.71,6.26,30.26,727.27,414.84,62.31
5.92,37.71,8.99,17.48,747.79,511.25,62.7
6.24,21.71,5.97,17.98,474.28,274.47,71.64
6.84,5.96,7.9,27.69,228.52,97.15,88.06
6.37,6.2,9.78,19.12,277.62,153.49,84.57
6.64,73.66,4.6,18.48,1464.8,739.7,51.87
6.08,21.82,6.11,16.44,742.59,485.37,64.05
5.96,24.23,6.63,26.02,317.52,240.12,76.17
8.93,41.29,6.16,14.81,946.86,485.68,55.95
5.81,70.73,2.39,39.28,1700.83,872.39,37.63
5.4,89.93,4.64,12.85,863.98,493.71,50.19
6.28,17.8,7.67,16.09,305.12,187.84,76.72
7.66,31.03,8.28,14.97,682.37,442.23,63.63
7.13,7.28,7.81,23.34,168.75,108.67,88.36
8.31,43.94,5.86,29.54,1160.58,724.08,56.64
7.28,2.81,7.76,16.57,247.22,164.77,83.95
7.61,17.98,6.15,31.33,1113.22,743.53,61.7
7.55,14.12,9.99,28.13,436.64,285.48,77.65
8.53,89.09,4.91,10.9,1617.49,869.31,41.7
5.8,31.2,6.26,28.96,612.22,385.37,67.17
6.37,10.53,10.09,22.54,506.93,298.24,77.83
6.45,12.84,10.31,27.42,359.67,220.99,80.79
6.94,12.06,6.02,19.65,498.17,337.51,74.01
5.63,34.43,3.32,12.12,1121.0,721.94,47.81
8.1,46.51,5.56,29.34,804.65,521.19,60.7
10.0,67.65,1.53,12.92,1857.88,1028.47,30.88
4.79,70.06,2.14,33.02,1640.05,1034.41,39.87
7.13,30.2,5.88,21.71,455.23,333.05,70.86
6.68,7.94,8.67,20.85,522.77,335.9,77.08
7.42,12.66,6.35,27.15,555.74,387.11,73.5
6.52,16.39,8.85,18.18,370.41,188.45,78.34
5.92,10.66,7.58,23.95,447.95,246.41,78.5
6.53,20.91,9.25,27.5,284.76,167.56,80.88
8.66,41.0,3.9,33.88,1716.99,899.61,48.25
5.01,57.01,5.6,14.64,846.23,537.59,53.33
7.57,24.14,7.67,20.84,904.41,459.28,66.74
6.72,17.91,6.63,24.09,296.69,185.76,80.11
4.5,40.53,5.0,11.01,1238.71,803.64,44.14
8.57,34.77,6.67,18.84,1018.75,619.99,58.96
7.57,33.91,7.25,26.67,442.02,228.44,73.88
8.94,83.73,1.4,12.93,923.22,548.81,40.2
5.33,17.34,5.1,14.27,887.38,540.09,59.18
7.07,14.54,9.08,24.29,215.79,99.5,86.08
7.83,32.71,8.17,28.0,641.08,400.35,68.3
5.66,42.08,4.82,15.56,1557.03,950.89,49.71
7.31,5.19,9.56,24.55,551.94,366.65,78.22
7.68,27.11,4.64,35.82,635.86,337.33,63.08
7.38,11.3,10.15,20.33,318.63,208.83,81.5
8.45,67.03,4.53,31.77,1166.57,638.56,52.56
7.98,22.51,8.41,26.99,898.38,595.09,65.71
6.51,46.87,4.15,13.31,803.49,450.4,55.3
4.8,60.31,4.0,32.13,979.1,569.18,51.71
7.85,13.67,9.29,26.47,489.87,327.59,76.16
5.8,57.76,5.09,12.8,1620.1,930.13,46.01
5.55,32.73,3.46,35.49,883.62,513.52,54.38
8.66,46.69,3.13,15.51,1045.71,543.84,50.89
5.98,13.36,7.31,21.29,410.86,289.8,76.45
6.73,13.44,6.62,24.09,554.23,304.56,75.37
7.0,0.5,12.0,18.8,338.61,194.44,85.33
5.87,62.09,5.62,34.18,1116.1,620.7,53.44
6.12,49.65,5.9,16.58,639.43,389.22,62.04
4.94,75.07,4.82,34.27,876.57,586.43,51.26
6.02,22.69,8.65,15.13,346.36,169.52,74.74
6.97,4.6,8.96,23.91,306.18,122.68,87.27
7.3,14.8,8.62,29.63,616.64,385.01,72.82
7.44,38.45,8.32,17.29,508.13,299.49,68.82
7.71,54.94,7.39,32.26,835.49,564.68,59.4
6.92,10.63,8.09,25.06,234.23,128.03,85.76
7.29,40.96,4.84,20.46,572.88,302.4,67.0
8.32,68.16,6.44,15.15,1583.44,804.66,49.65
8.13,49.47,4.55,17.43,940.03,587.12,55.7
4.69,39.95,2.51,37.33,1411.35,809.65,41.41
6.2,65.97,4.41,33.16,1335.54,784.3,50.55
7.59,41.02,2.21,34.06,1871.35,960.22,45.05
8.41,43.33,5.54,33.75,1103.51,537.2,56.07
6.67,33.97,8.84,21.78,400.4,209.9,75.34
5.31,61.37,5.34,13.58,673.21,418.15,55.56
6.77,36.06,5.46,34.04,822.01,514.69,59.93
7.28,2.72,10.89,17.91,145.03,82.78,90.08
7.56,23.75,7.09,26.7,487.95,261.46,74.4
8.04,17.61,4.7,19.3,984.01,722.99,60.9
4.85,54.06,4.85,15.9,800.63,503.47,54.16
7.27,15.18,11.02,23.54,461.95,328.28,76.82
7.71,65.15,3.29,17.78,920.51,458.96,54.86
8.53,35.26,4.72,14.73,631.88,349.26,60.75
6.24,5.98,10.27,20.64,127.68,69.65,90.51
8.51,33.96,6.57,16.19,535.75,370.84,64.56
6.98,19.99,7.05,25.21,464.42,333.55,74.27
7.74,23.33,6.48,18.48,874.6,503.08,64.43
5.76,22.61,7.96,24.1,624.98,331.86,71.44
5.28,44.46,6.64,12.71,819.01,485.01,55.1
8.5,43.04,3.37,12.29,718.25,486.66,51.79
6.27,42.66,5.58,14.02,1292.99,772.3,51.96
8.48,79.58,4.15,16.6,856.88,557.68,52.69
7.23,12.89,7.69,19.33,113.62,59.57,87.75
7.73,33.76,3.62,28.58,1357.12,702.32,55.73
6.99,21.95,6.89,18.14,730.29,460.34,66.83
6.33,13.22,8.09,20.53,401.17,197.09,79.4
6.61,19.93,6.68,24.64,442.12,303.74,74.83
6.21,50.35,6.05,15.49,701.96,416.71,60.32
6.12,17.37,5.52,17.13,863.71,545.6,63.5
7.17,8.42,9.45,25.12,393.71,241.61,81.54
6.8,17.28,7.23,29.27,697.43,374.5,71.22
7.82,17.18,10.59,28.77,379.53,245.77,78.08
7.34,17.61,7.1,22.25,269.92,210.97,79.88
7.42,15.63,8.33,29.35,578.89,411.5,72.4
5.61,29.98,5.1,34.79,1046.21,623.9,55.95
7.86,27.83,6.37,30.01,861.35,449.71,64.97
8.13,39.28,5.93,13.57,929.06,499.29,56.42
6.51,16.57,6.47,32.83,577.67,351.42,70.33
7.31,10.23,7.71,20.7,263.32,144.49,83.88
7.1,28.29,8.02,17.77,641.84,353.87,68.44
5.76,21.31,4.56,28.74,705.16,400.12,66.35
5.43,68.88,1.57,34.24,1599.12,1093.42,38.4
7.03,10.63,7.42,25.81,140.64,78.81,88.61
5.73,31.97,5.33,14.67,1225.3,794.65,53.19
8.66,90.24,1.0,35.95,1390.14,826.04,35.28
8.0,38.41,5.26,34.76,1227.66,785.8,53.11
8.17,92.43,2.93,34.46,1761.23,1096.99,42.08
5.62,48.33,5.68,14.65,844.17,551.0,55.5
6.13,33.97,6.88,21.41,854.73,543.75,63.41
8.9,31.14,3.63,31.85,1254.59,660.66,53.26
4.5,81.26,5.04,12.33,1118.43,626.66,44.8
8.32,54.55,4.54,33.79,1155.29,786.21,50.94
8.44,29.98,6.16,29.81,1133.02,728.88,58.69
5.02,67.92,4.24,33.76,1079.36,693.8,49.19
7.79,23.93,9.54,28.65,710.89,395.71,69.8
6.18,72.53,6.22,13.02,871.76,568.72,52.98
6.22,56.27,4.22,36.01,1244.79,756.79,49.05
6.03,59.23,7.06,31.92,1054.5,641.27,56.66
5.66,51.49,3.87,31.24,1114.87,781.11,52.04
5.76,74.63,2.3,11.77,907.23,558.61,44.09
8.22,65.02,4.27,11.09,1731.55,953.76,41.98
7.6,18.83,7.82,26.87,218.68,104.55,83.85
5.94,92.85,2.79,36.09,1633.19,790.26,42.48
8.36,40.41,7.23,19.34,882.94,459.14,62.11
8.05,42.53,6.41,16.22,687.41,402.81,62.11
5.37,47.39,6.49,16.12,1331.03,662.75,53.5
6.59,28.01,6.07,18.54,854.38,542.2,63.01
6.9,29.79,7.56,24.42,603.7,360.02,70.5
7.52,8.6,8.36,22.15,353.74,194.89,82.33
8.26,37.54,6.06,31.28,1190.23,642.09,57.63
6.37,39.88,6.9,16.36,1170.19,745.49,56.21
7.82,54.38,3.62,33.89,1008.37,702.06,51.49
5.83,38.22,4.59,14.97,447.8,226.31,65.65
8.21,21.14,7.64,27.79,627.09,351.55,70.96
9.61,26.4,3.62,38.64,1216.91,834.35,44.21
8.69,31.83,6.28,15.02,1015.04,662.69,55.66
6.46,9.15,6.83,27.65,416.1,279.82,78.51
5.3,32.18,3.12,12.85,1057.9,554.88,50.0
8.39,45.2,6.52,27.2,911.87,613.71,59.93
6.08,17.62,7.67,23.49,658.16,441.26,70.65
5.14,46.49,2.94,35.88,929.39,528.46,49.49
6.18,55.43,3.84,15.19,1323.76,832.28,48.67
9.57,57.94,3.25,16.41,1837.0,985.8,42.02
7.6,16.63,10.69,18.57,91.4,30.0,88.43
7.87,40.94,2.11,10.13,1533.1,953.81,38.83
8.05,45.01,4.45,13.06,1034.73,521.9,52.71
10.0,75.66,3.32,17.62,837.12,545.18,47.54
9.16,31.37,3.54,32.09,1468.62,997.97,48.91
6.19,37.7,6.64,20.34,482.17,314.35,69.39
9.19,74.81,4.09,15.55,1496.54,845.95,44.71
8.5,32.81,7.65,30.08,633.65,421.15,65.91
8.27,44.47,5.18,17.59,447.83,319.36,65.31
7.55,10.97,7.57,24.05,339.3,170.83,82.36
8.63,59.98,2.13,33.23,1621.25,1016.8,42.02
7.73,6.72,10.37,23.33,291.91,209.31,84.07
9.03,18.11,7.44,19.63,513.53,314.9,70.65
5.17,41.46,2.89,35.93,997.25,632.87,48.33
6.72,28.71,8.51,24.66,461.69,348.15,72.73
6.25,12.83,9.77,21.69,299.05,164.1,82.65
8.98,37.77,4.16,34.76,1559.29,1019.3,47.19
6.81,9.44,7.29,27.59,271.58,145.85,84.33
5.22,29.02,6.21,16.03,604.96,362.46,63.91
7.69,21.62,9.0,18.26,595.88,417.93,69.41
7.51,6.14,7.62,23.69,408.61,241.08,81.3
8.16,50.85,4.92,26.58,1239.54,853.1,54.6
7.43,17.12,9.62,25.33,428.23,276.64,77.54
5.2,55.06,5.74,18.07,1095.39,686.45,53.73
7.08,11.59,6.76,22.67,633.35,428.7,72.76
7.87,28.93,8.55,26.39,825.44,473.9,66.78
7.79,83.06,3.12,32.32,849.6,572.48,52.24
8.33,21.41,4.4,15.11,607.0,359.46,63.74
9.17,39.01,6.45,29.24,1088.75,697.51,56.34
4.5,34.01,3.61,35.47,1792.36,1086.2,43.74
9.2,36.43,5.27,35.99,1779.97,1082.16,46.38
5.55,46.24,5.02,29.92,1082.09,551.15,57.34
4.5,42.05,2.15,10.0,800.24,567.59,41.39
8.08,57.5,3.43,14.92,1477.27,845.82,46.58
6.33,38.56,7.93,17.03,500.54,330.87,67.7
7.56,11.57,5.91,20.19,740.06,397.92,70.78
7.41,15.2,6.69,18.46,602.56,359.97,71.35
5.64,64.35,3.37,35.24,659.51,403.91,54.51
6.94,6.63,10.45,27.45,454.18,296.77,80.14
7.27,40.8,7.92,22.57,658.22,416.91,67.12
6.33,44.83,4.56,16.17,1230.56,756.8,52.8
9.01,64.7,2.06,35.9,1354.65,697.64,41.17
6.36,30.27,7.62,24.9,617.72,388.44,69.51
8.15,37.93,3.51,32.66,1415.07,872.68,50.67
6.09,42.85,6.35,15.76,550.4,298.07,65.15
7.42,13.78,6.82,21.92,322.13,186.21,80.57
8.39,88.14,2.19,34.42,1192.87,749.5,43.4
8.85,47.1,1.86,10.0,1607.37,1086.54,34.45
7.38,6.15,9.8,25.3,125.18,88.03,90.92
8.2,20.73,6.99,22.81,884.58,620.14,64.86
5.32,82.68,2.13,13.51,1177.72,701.63,41.33
6.57,6.14,8.72,20.63,250.44,160.54,85.35
7.07,8.11,7.02,21.96,251.45,137.27,85.11
7.93,48.34,5.4,17.54,764.0,433.32,60.56
7.4,20.47,8.28,24.36,953.2,616.76,66.3
5.99,60.73,5.21,35.41,831.75,516.61,55.03
8.31,51.68,3.71,34.53,1047.47,571.02,51.94
7.6,33.39,6.48,32.4,614.33,339.96,66.82
9.13,37.38,4.25,31.01,811.58,435.33,58.38
6.77,23.34,7.34,28.8,561.45,307.89,72.49
7.66,12.86,6.84,20.24,578.31,327.0,73.75
8.44,48.57,2.37,40.0,877.64,455.49,45.38
8.21,28.72,8.26,27.84,882.74,463.28,65.75
4.96,26.95,4.67,33.28,847.54,439.58,59.29
7.06,9.51,10.58,23.71,456.64,313.21,78.96
5.35,30.21,6.8,14.98,826.6,510.11,59.34
7.95,24.21,7.21,28.65,836.39,489.67,66.21
5.88,30.64,7.67,26.53,1134.14,737.82,60.94
6.03,39.47,5.2,13.65,763.44,520.56,56.73
7.56,31.79,7.56,29.23,795.93,499.84,65.24
6.72,22.62,6.06,20.18,678.64,495.35,66.96
8.22,44.92,7.97,20.39,948.26,605.12,60.25
7.52,25.66,8.22,21.72,556.56,329.25,72.01
6.74,7.36,7.82,17.93,152.72,112.18,86.35
5.79,44.98,7.84,30.85,1187.94,724.27,57.26
7.86,22.23,5.09,34.19,910.98,507.72,61.08
5.04,99.54,1.0,37.75,1830.46,1197.11,29.45
7.16,19.03,9.77,26.61,527.59,298.72,75.49
5.16,38.28,8.03,32.98,515.46,303.36,66.14
5.73,27.69,7.92,15.77,1095.99,713.32,58.02
5.49,39.22,2.16,13.72,998.88,603.29,47.25
6.95,17.48,9.71,24.17,147.93,70.29,87.57
6.0,40.14,5.85,17.72,1126.39,670.49,56.83
5.86,31.75,6.71,18.03,695.06,474.94,63.8
5.23,49.78,2.83,15.5,1721.62,989.48,43.59
7.6,5.56,10.35,23.2,237.58,137.64,87.45
5.0,38.31,3.55,34.52,1027.11,557.76,51.87
9.0,36.5,5.13,11.09,957.52,616.02,49.59
6.99,7.74,7.84,23.13,352.18,210.41,82.42
6.39,11.07,7.92,19.44,89.85,68.74,88.4
9.09,51.43,2.87,15.07,1490.74,1047.23,42.45
8.31,44.19,7.53,29.26,753.12,471.89,63.16
7.37,30.35,9.47,26.53,592.53,357.35,71.06
7.13,19.11,7.9,18.62,547.45,370.29,71.49
5.9,43.55,6.15,29.58,955.1,557.32,60.09
8.42,46.43,5.9,26.6,808.96,513.5,61.28
7.22,32.4,6.9,27.23,662.62,366.71,68.79
7.11,32.66,7.73,16.02,561.03,344.51,67.16
6.67,15.61,7.02,25.17,550.8,361.65,73.87
8.15,32.32,8.59,29.22,486.66,301.99,71.13
10.0,33.13,1.22,34.77,862.31,447.23,44.2
7.35,0.5,9.61,27.67,131.57,70.33,93.37
6.27,16.52,10.12,24.24,456.64,227.81,78.4
6.61,22.4,7.86,26.75,582.48,393.86,71.5
9.55,40.75,2.26,34.33,1538.89,1080.27,40.68
5.66,30.9,4.51,32.49,1633.88,1036.72,51.84
6.31,28.46,9.38,32.17,509.77,350.97,69.88
10.0,36.74,3.18,14.91,1357.39,708.73,44.33
6.7,5.1,6.26,20.17,362.2,221.18,81.09
5.83,52.71,6.84,19.51,1190.65,674.48,56.65
6.41,28.5,8.45,23.58,478.74,233.86,74.85
6.91,13.51,9.58,24.36,229.67,151.61,84.68
6.6,40.23,4.85,20.09,895.81,515.81,60.67
5.51,36.5,5.17,17.51,1428.15,862.36,52.99
7.39,16.8,8.19,17.25,507.14,269.37,73.79
8.45,37.95,6.62,28.95,430.88,278.6,69.98
5.96,55.8,5.66,15.84,936.5,621.35,54.97
6.1,21.35,5.87,20.5,769.57,493.19,66.05
6.78,6.58,9.02,29.04,162.49,69.08,89.87
5.96,26.75,4.84,17.27,856.82,462.09,61.69
5.83,25.72,3.14,31.77,1284.01,819.06,53.32
5.52,32.92,4.06,18.1,1007.28,624.89,56.12
7.2,26.59,4.78,30.84,924.23,533.43,62.07
5.95,75.48,2.2,34.28,964.69,613.52,47.04
5.15,42.85,3.19,15.74,1445.34,893.21,46.41
8.29,27.69,8.08,25.76,653.79,417.84,68.46
5.49,45.1,5.46,16.98,1176.52,740.44,53.54
6.58,11.61,7.64,22.22,316.21,198.13,81.53
4.79,83.29,3.58,35.74,830.7,526.67,48.2
8.46,49.46,3.27,37.85,1493.53,827.44,43.53
7.84,14.47,7.64,23.33,500.36,338.7,74.96
7.22,14.03,10.58,32.25,293.27,134.69,81.89
5.78,15.18,6.14,15.63,1545.96,1047.39,56.13
5.86,34.63,4.61,16.01,1524.27,972.15,51.16
8.63,35.17,4.52,11.79,1451.86,903.6,46.38
7.13,49.28,7.82,28.57,890.56,489.57,63.0
5.87,22.93,6.67,29.88,1023.31,560.97,63.38
7.71,48.49,5.77,32.93,1057.0,579.55,57.01
8.36,50.2,3.59,33.94,1128.7,584.23,51.72
7.92,39.17,6.79,32.32,811.47,464.77,62.11
7.24,6.02,8.16,26.05,279.49,139.84,86.27
5.77,37.47,7.89,18.67,436.92,266.86,70.27
5.95,44.41,5.53,31.55,970.17,653.12,57.29
5.55,52.19,1.94,17.13,1121.8,611.15,47.41
6.45,44.59,6.66,16.98,1060.89,724.52,56.64
9.13,60.92,5.74,16.84,917.76,504.97,54.63
7.23,27.63,7.15,24.73,402.36,269.87,74.73
7.49,10.88,7.76,24.31,361.9,229.6,80.66
6.43,4.82,10.11,24.66,526.76,356.49,78.78
6.82,0.5,11.23,26.31,95.16,55.57,95.19
6.99,0.5,8.18,21.88,447.43,238.55,83.28
7.23,11.33,8.19,25.23,121.75,82.05,88.97
5.98,33.35,2.7,12.11,1514.98,1063.04,43.47
4.56,38.81,4.38,35.31,1691.22,963.91,45.51
6.12,62.82,4.67,14.26,1050.83,677.68,50.9
7.71,34.61,7.91,32.07,955.74,534.05,61.9
5.31,84.31,2.84,32.39,903.35,528.29,50.16
6.57,20.82,8.63,18.64,314.88,153.93,79.16
6.08,32.91,5.97,24.65,478.53,265.77,71.59
7.59,21.25,7.41,19.39,1000.46,585.75,64.32
4.67,62.0,3.87,37.53,989.01,497.73,47.1
4.93,40.97,6.81,17.82,1446.92,792.12,53.04
4.5,60.38,3.49,14.96,1155.67,689.31,45.33
6.73,14.09,9.66,22.15,304.27,197.67,81.7
8.63,40.34,6.74,16.51,794.47,429.55,60.5
7.63,18.54,7.4,18.88,623.76,354.55,70.86
5.67,55.9,5.81,32.7,872.68,477.35,58.03
8.25,31.67,6.42,29.11,819.31,546.69,62.92
5.28,21.56,5.68,15.24,1065.05,563.59,58.27
7.84,13.27,8.74,21.81,563.26,380.97,73.96
6.5,16.61,8.94,25.65,567.26,293.46,75.57
5.86,61.87,2.15,11.92,770.53,406.01,47.91
6.79,12.83,9.64,20.07,255.72,137.14,83.82
5.6,31.22,4.58,14.81,908.81,546.83,56.35
7.69,16.09,10.26,29.9,239.67,141.01,82.85
8.12,61.63,2.53,30.44,978.94,550.9,52.0
7.97,43.39,6.29,17.16,1425.25,1014.59,52.84
6.77,11.41,7.4,19.0,569.13,369.83,73.43
8.94,54.88,5.4,12.66,1227.1,850.82,46.41
5.61,43.42,6.6,17.82,594.52,385.7,63.82
8.69,47.16,4.65,30.47,809.42,502.51,58.15
7.7,70.73,4.97,15.21,625.05,441.07,57.78
6.31,16.92,6.78,27.39,547.38,343.46,73.24
6.73,20.83,8.9,22.13,366.42,236.55,77.84
6.78,5.2,6.71,24.89,449.42,300.66,79.49
8.26,61.39,4.8,32.55,716.18,448.04,58.26
7.55,33.69,4.0,26.16,609.75,339.27,66.41
5.79,37.67,4.27,32.39,1055.86,518.46,57.04
8.53,76.81,3.91,12.93,853.07,589.91,48.53
8.03,59.85,4.55,29.87,787.62,379.19,60.58
7.03,4.49,10.11,21.2,89.35,75.52,92.19
7.38,11.49,7.07,20.01,228.26,126.08,83.91
6.84,14.77,6.13,24.83,548.5,378.59,73.24
8.93,49.32,6.82,28.09,993.04,572.43,58.29
6.48,28.97,4.81,16.21,666.45,424.42,62.99
7.87,20.63,4.9,27.92,609.12,402.91,68.52
5.81,33.29,5.8,16.9,851.45,549.8,59.8
6.01,35.24,5.52,28.02,800.84,450.97,63.85
5.85,29.36,2.26,33.73,1766.01,1058.2,46.26
9.38,79.36,4.62,11.48,1487.68,956.67,39.79
7.07,16.27,8.2,25.25,357.25,213.51,79.89
8.48,52.31,5.84,30.15,885.59,519.12,58.86
7.06,11.97,11.31,22.82,103.16,66.94,90.22
7.96,33.24,3.65,32.98,1023.75,689.26,54.72
7.85,40.68,7.71,18.59,634.34,437.04,64.86
8.16,67.88,3.84,16.03,1451.6,880.15,47.32
5.56,54.45,6.22,34.29,1466.19,802.59,51.01
7.79,69.0,4.42,11.2,1842.29,1267.9,41.16
4.68,27.9,4.29,15.66,1116.19,795.1,51.24
6.92,6.89,10.17,21.43,338.29,180.28,84.03
5.54,55.97,5.25,16.38,1060.14,569.59,54.24
7.43,14.31,5.6,20.65,676.16,386.07,70.65
8.23,32.54,5.78,32.13,1187.42,765.43,56.51
5.73,46.97,4.91,26.37,1309.16,638.15,56.55
8.06,25.18,6.41,31.25,770.14,459.08,65.09
4.75,73.1,4.6,35.72,1362.9,812.61,44.84
6.73,12.04,9.51,17.35,250.58,196.2,80.86
7.16,18.75,9.72,22.34,564.54,305.45,74.83
7.36,18.69,6.63,22.52,492.86,294.04,74.5
5.93,33.48,6.35,19.0,631.78,401.89,65.67
9.21,83.86,5.41,35.92,1764.4,1189.23,42.33
7.56,4.86,7.18,26.13,289.24,180.33,84.73
8.64,56.53,4.67,35.76,707.32,373.49,56.43
8.39,67.41,4.26,13.61,1107.13,597.1,49.2
5.89,42.59,6.82,17.22,808.32,444.33,61.44
6.07,9.66,8.45,25.73,429.99,239.79,79.81
7.77,32.49,5.81,25.64,385.63,260.43,72.9
7.16,14.16,7.34,20.19,725.65,418.53,70.93
6.88,20.63,8.61,23.13,414.65,297.16,76.02
8.15,57.08,5.29,36.26,1661.68,815.58,48.09
7.21,8.47,8.76,26.58,378.96,247.69,81.24
7.46,39.55,5.46,14.67,922.05,443.65,58.67
5.98,29.36,4.72,27.3,502.41,292.36,69.62
5.67,42.72,2.12,12.52,1124.93,722.73,43.88
6.75,12.57,9.72,27.48,92.44,74.26,89.6
7.9,59.38,5.14,16.47,1127.89,598.42,54.18
8.4,70.88,2.82,34.97,1670.25,1107.65,41.9
6.05,53.33,6.49,31.48,1039.9,694.39,56.58
7.34,53.1,5.27,10.41,975.3,565.04,50.16
9.51,54.99,3.41,35.53,1647.35,1001.26,41.39
6.15,19.89,5.73,17.58,761.07,422.9,65.96
6.16,31.14,7.12,30.89,929.03,539.81,62.7
7.06,11.56,7.97,19.62,215.76,146.72,83.84
7.67,46.14,4.51,33.3,1122.61,593.05,55.11
7.91,22.81,6.89,28.17,444.37,265.61,74.2
8.01,31.52,6.65,32.4,628.62,335.66,66.76
6.75,29.53,7.82,16.48,638.56,307.92,68.14
7.76,35.82,9.93,25.15,795.83,444.97,66.86
8.09,52.39,7.01,14.8,696.04,447.42,59.34
6.68,0.88,9.7,18.79,109.78,86.18,91.69
6.46,57.82,5.95,32.32,649.03,384.99,62.47
9.08,72.36,3.34,33.84,1328.12,932.66,44.1
8.11,14.57,8.32,24.89,623.57,471.76,71.41
7.88,13.76,10.01,27.37,417.43,232.86,79.1
6.25,42.06,1.44,32.13,798.03,454.26,52.08
6.2,39.93,4.03,16.69,623.53,377.62,61.38
7.18,9.25,6.74,22.38,247.56,112.52,85.46
7.73,19.63,7.33,25.69,617.53,335.3,72.56
6.99,4.04,12.0,22.56,385.11,234.95,83.64
7.63,23.07,7.34,32.37,830.57,493.08,65.03
6.92,25.86,6.81,29.67,609.05,386.75,69.32
9.31,63.91,3.6,30.95,710.56,452.35,54.46
6.91,9.51,10.65,27.18,221.99,155.57,85.98
7.52,58.84,5.2,15.69,1115.48,750.42,52.51
6.06,15.18,5.95,25.73,607.7,421.51,71.01
8.02,27.68,5.56,16.27,818.15,476.48,61.63
8.02,16.05,6.98,20.55,667.09,429.43,69.9
7.27,21.92,7.61,34.02,511.59,285.38,70.93
8.09,31.18,6.67,17.36,507.23,363.34,67.17
6.9,17.3,7.26,21.85,170.46,112.62,84.48
8.13,54.09,6.41,32.81,650.82,383.55,62.14
6.19,27.16,8.33,21.59,871.83,605.82,64.59
5.85,35.53,6.59,27.48,1059.15,677.89,60.19
8.56,33.74,6.75,29.65,864.4,481.59,62.63
7.59,33.96,6.25,28.5,920.26,486.01,63.72
7.65,69.17,3.33,35.52,898.27,520.11,51.34
8.94,32.4,2.83,10.0,1633.44,974.45,39.76
7.04,32.86,4.6,23.05,731.19,466.18,64.31
8.3,16.4,9.71,24.8,389.47,192.57,79.29
8.37,21.36,6.7,27.28,813.14,560.96,65.38
9.09,100.0,3.74,13.43,1193.24,668.1,44.03
5.69,34.89,5.88,12.32,999.58,704.74,52.51
9.27,30.47,5.28,12.67,1288.9,799.6,48.62
6.76,21.7,8.23,19.17,706.02,483.07,67.94
7.17,13.83,9.98,23.07,292.28,126.45,84.32
8.51,29.17,3.21,29.65,807.05,526.03,58.64
7.52,16.27,7.63,27.92,760.44,520.33,69.11
5.85,30.42,2.13,32.74,1708.4,1021.66,46.66
8.07,51.21,4.66,16.72,1325.85,937.56,50.55
5.92,40.7,4.3,13.98,853.11,580.22,54.14
8.37,59.23,4.01,14.93,1088.71,730.01,49.32
6.24,32.53,6.19,26.64,551.29,380.89,68.73
6.71,5.36,11.27,29.59,110.3,56.12,91.97
8.37,44.82,4.23,16.16,742.33,393.77,58.55
8.49,21.43,7.99,28.75,1008.37,515.87,64.91
6.56,14.62,8.54,26.7,287.9,145.75,83.08
7.14,7.73,11.43,24.36,197.64,88.74,89.4
5.79,40.14,6.2,29.6,614.63,331.8,66.5
7.75,35.79,4.99,15.07,1130.48,660.73,54.89
6.5,34.39,6.97,31.09,673.41,352.5,67.1
5.63,54.25,5.05,33.47,843.23,541.89,55.99
6.38,12.29,10.05,24.38,181.84,78.86,88.0
5.58,34.99,5.65,17.17,549.79,279.32,66.33
7.02,24.3,7.93,21.12,693.12,365.46,70.24
8.12,99.35,3.37,37.98,1045.02,735.17,43.88
8.59,35.07,6.26,34.63,969.45,598.88,56.6
6.94,9.81,10.81,23.01,680.23,421.29,74.56
7.46,25.65,8.0,25.66,723.54,505.24,67.91
8.58,39.74,6.26,20.36,710.34,490.54,62.27
6.96,14.89,9.72,26.43,563.18,276.77,76.78
7.64,10.42,8.57,20.34,412.19,255.19,78.8
7.74,43.29,6.21,28.67,1124.22,802.11,57.63
8.13,31.89,6.61,29.69,1024.73,566.73,61.56
5.73,44.85,4.34,14.44,922.8,590.88,53.27
5.66,36.2,8.29,31.04,839.52,581.36,61.58
5.48,64.32,6.13,33.13,807.15,424.93,58.27
5.07,75.52,6.26,14.22,861.19,503.79,52.91
6.95,21.07,9.07,21.02,327.86,207.44,78.8
7.28,5.17,9.19,23.82,179.57,77.53,90.51
7.04,16.43,9.96,18.11,181.67,123.01,83.47
7.28,5.63,11.19,23.9,170.51,77.43,90.91
7.6,19.11,5.87,28.72,642.26,390.2,69.91
6.84,17.58,6.25,19.45,334.29,194.18,77.85
6.5,21.8,9.94,28.91,396.97,277.8,76.06
6.16,31.57,6.41,29.08,751.93,533.67,64.19
5.84,32.2,4.27,15.5,551.24,341.91,62.87
8.63,67.92,3.83,14.77,1156.7,582.11,49.04
6.12,21.89,8.97,16.4,562.07,322.2,70.0
4.96,49.9,4.14,29.21,753.98,490.21,57.29
6.55,53.55,3.61,20.01,1190.71,804.8,52.61
7.86,33.74,7.34,27.78,720.64,427.69,66.65
8.57,26.82,5.27,32.49,888.75,600.43,59.27
5.0,55.97,4.91,32.69,1138.85,786.11,50.62
6.43,21.46,7.59,25.12,244.41,157.26,81.25
6.43,16.79,10.09,27.71,382.3,255.14,78.38
8.82,38.34,2.8,37.2,1197.78,822.46,44.57
4.86,99.98,2.08,35.87,1262.71,816.25,38.73
8.03,62.08,4.57,17.21,933.66,483.84,56.11
7.51,14.72,9.77,30.81,248.12,181.0,81.55
7.76,14.34,9.41,24.71,580.69,382.3,74.19
5.32,53.57,3.76,36.52,1692.24,907.56,44.14
6.61,21.19,9.0,28.07,361.0,215.81,78.27
5.9,66.82,5.2,15.76,940.55,442.5,56.0
8.41,45.54,5.3,30.58,1099.27,748.06,55.27
7.36,7.86,11.17,19.12,147.45,115.14,87.71
5.03,48.26,3.41,33.33,980.24,529.42,52.01
6.23,70.6,5.55,12.29,1374.04,918.53,46.35
8.41,39.49,7.48,14.31,1091.52,545.87,56.22
7.64,27.56,5.15,20.16,459.57,300.61,70.41
7.36,6.35,7.42,24.8,348.39,260.39,81.59
7.4,4.07,7.79,24.93,245.89,132.61,87.57
8.38,27.24,4.28,12.77,917.38,613.48,53.74
8.69,38.56,1.58,37.37,1634.61,808.02,39.59
7.35,18.69,6.91,27.98,522.02,316.01,73.78
5.34,69.24,4.05,30.6,1296.22,827.24,49.66
7.22,15.93,10.33,24.56,398.16,213.74,80.02
7.89,20.19,8.9,27.43,540.06,257.04,75.11
8.67,48.53,2.77,14.04,1429.24,878.72,43.76
7.05,22.03,6.99,21.68,402.02,214.04,76.76
9.13,80.36,4.13,34.21,1055.7,627.75,48.42
6.38,58.69,6.62,14.76,550.95,358.31,61.95
7.7,43.38,6.8,18.08,610.94,369.04,65.29
8.63,50.24,7.11,27.68,802.64,463.91,61.89
6.64,16.01,6.64,26.65,767.19,393.95,70.95
6.69,17.01,6.88,18.37,537.53,268.11,73.56
7.23,0.84,7.64,23.32,268.33,154.22,87.8
7.23,6.29,7.95,25.0,88.73,46.68,92.49
8.08,31.57,7.25,20.31,862.73,577.57,62.84
8.88,80.1,4.29,13.14,1574.45,774.95,43.76
6.91,16.57,8.51,21.14,524.4,307.73,75.07
7.57,0.64,7.51,18.91,345.37,249.53,82.45
5.73,38.44,6.99,34.54,909.35,484.92,59.2
7.67,52.69,7.2,16.8,1107.43,690.36,56.02
8.08,49.48,5.76,21.37,1180.08,645.39,57.38
6.11,56.55,3.09,14.78,1457.8,1010.8,45.05
6.22,41.4,8.61,20.73,780.54,447.27,64.93
5.95,61.6,3.13,29.83,1113.38,585.73,52.88
7.77,19.24,6.46,20.58,431.34,286.31,74.18
7.26,17.67,9.18,25.04,425.71,263.89,77.7
6.35,15.91,8.25,25.03,208.78,135.57,84.11
5.81,39.81,4.94,16.41,680.85,477.69,59.78
5.85,27.01,4.75,28.81,1509.73,987.33,55.63
7.59,16.98,7.77,25.93,617.72,336.66,73.55
6.37,15.79,9.31,29.61,419.87,289.73,76.53
5.97,21.17,4.38,19.23,922.45,509.31,62.37
7.07,13.8,10.55,25.69,350.47,188.9,81.97
9.55,66.78,5.02,38.17,1329.09,724.84,42.95
6.53,11.64,8.81,27.92,484.55,317.95,76.97
4.68,35.33,1.71,17.63,806.62,458.79,50.46
8.46,27.67,5.41,34.41,839.43,578.91,58.59
6.43,24.26,7.19,20.84,699.91,425.84,68.41
5.81,83.52,4.02,33.12,886.21,492.7,53.8
9.52,83.94,3.44,14.08,1518.0,792.4,41.04
9.69,50.46,5.21,12.24,1715.62,1029.82,41.37
6.74,52.43,6.16,20.07,1217.83,802.71,56.09
6.5,16.06,7.55,26.73,447.12,250.68,77.32
4.74,90.04,4.06,33.33,952.38,589.15,49.23
7.42,17.23,6.16,29.95,744.69,507.46,67.56
7.98,14.44,10.24,26.3,442.6,236.01,78.62
7.66,60.83,2.99,17.07,986.2,620.63,51.46
8.22,46.56,3.39,10.34,1661.11,1142.73,40.17
6.6,7.83,8.12,30.29,356.6,216.95,81.07
7.3,11.75,9.09,19.91,322.07,174.88,81.83
8.34,27.89,5.81,13.43,810.89,445.1,59.25
6.92,14.15,8.28,18.88,554.05,344.71,73.59
9.44,70.7,2.99,15.27,1581.44,927.37,40.88
8.73,27.02,6.52,15.06,934.39,487.61,59.32
7.68,31.28,8.67,24.95,722.76,425.6,68.19
8.17,43.75,7.12,31.25,1365.44,813.36,55.53
6.28,27.98,8.21,24.15,369.17,208.92,76.75
5.45,21.63,5.41,17.88,825.5,445.93,63.41
6.38,31.82,8.95,29.67,592.66,392.84,68.93
8.33,53.56,7.12,33.42,615.99,374.9,62.33
8.5,58.49,6.44,29.25,635.39,359.42,63.64
5.25,70.6,2.63,14.67,1379.98,948.65,41.78
5.5,42.54,5.96,30.39,1533.42,1025.65,52.9
6.25,19.53,7.97,21.73,576.06,324.06,73.03
8.83,61.1,4.04,13.37,992.95,519.21,49.57
6.37,57.28,1.96,36.47,1658.33,1052.59,40.1
5.66,83.6,3.55,17.37,853.15,562.49,52.24
5.72,42.09,4.03,31.58,768.68,512.51,58.18
7.19,15.63,9.87,28.89,714.83,361.15,72.89
6.38,53.49,6.95,15.46,1060.84,659.24,55.3
6.76,8.62,11.12,14.8,195.95,112.63,83.6
4.5,35.16,4.34,12.39,1331.78,947.35,44.36
5.7,22.89,9.48,29.35,533.27,299.79,72.51
5.86,47.86,7.16,33.35,725.31,413.98,61.68
7.65,59.43,5.41,17.97,1305.14,856.75,52.71
6.82,10.11,9.6,22.87,429.37,283.14,79.38
7.05,2.76,9.92,18.97,357.39,199.48,83.74
7.22,20.09,8.62,23.56,474.41,291.89,75.62
7.93,63.4,4.1,15.14,1253.78,891.9,48.14
5.92,59.94,5.59,34.6,888.44,531.94,55.55
7.87,34.58,8.08,30.75,666.7,398.27,66.65
4.89,38.8,4.5,29.67,1194.41,769.84,53.23
6.98,10.16,8.38,21.63,735.73,430.74,72.91
7.58,35.53,6.42,22.53,832.92,520.93,63.9
5.87,28.56,5.2,15.84,566.06,359.75,64.61
6.81,17.31,7.37,22.09,301.36,144.78,81.52
6.3,15.09,6.72,16.75,537.1,337.28,71.12
5.1,41.02,2.92,40.0,1541.19,880.19,39.58
8.58,84.74,3.9,14.46,1714.39,914.81,43.68
7.84,16.15,7.36,15.04,681.02,410.31,66.96
5.62,38.94,6.08,14.28,644.16,405.59,60.37
6.04,58.8,4.98,15.85,1290.32,675.51,52.0
8.76,20.01,5.94,34.22,643.35,404.45,64.36
7.52,9.55,8.36,23.45,397.6,242.17,80.48
6.62,12.42,6.28,31.55,337.57,182.76,79.0
9.04,37.62,5.61,18.03,645.12,305.55,63.5
5.48,37.32,7.1,33.45,889.43,582.58,58.59
6.29,50.36,4.15,33.45,1026.71,634.04,53.91
6.53,28.85,7.03,17.28,832.01,560.27,62.6
9.04,27.66,4.99,13.26,752.16,484.4,56.38
5.78,25.91,6.59,19.79,809.09,523.59,64.11
6.67,20.88,7.24,26.79,448.79,255.09,75.87
5.91,48.18,1.97,14.73,1208.83,758.93,44.75
4.5,97.6,1.0,10.0,1337.99,837.68,28.09
7.99,32.12,4.45,33.13,895.7,555.67,58.35
7.49,12.25,9.96,22.4,167.5,96.09,87.47
6.38,31.91,7.45,16.73,637.46,356.7,66.5
9.24,64.27,2.8,15.63,943.48,540.31,47.64
7.56,10.71,8.82,17.16,316.63,210.87,79.43
5.52,10.82,4.91,19.47,605.28,344.57,70.44
7.78,40.18,5.37,29.67,940.79,519.7,60.76
7.47,11.74,7.97,18.86,226.98,108.07,84.25
8.95,78.32,4.62,34.18,1797.97,984.48,44.81
7.99,31.24,2.65,31.96,736.69,462.33,58.0
8.0,36.24,6.87,27.78,1026.87,619.93,61.21
5.75,61.9,5.16,37.23,1008.98,679.02,49.68
6.13,30.06,6.16,26.73,580.07,330.07,69.73
6.52,35.26,6.04,32.56,910.85,497.42,61.28
4.5,71.86,4.3,34.25,802.22,456.47,51.6
8.84,65.05,4.53,30.92,789.02,516.48,55.8
5.56,43.32,3.62,16.81,586.93,318.78,60.78
4.95,41.66,4.07,33.87,1039.78,609.91,52.06
8.93,42.95,3.71,34.08,1327.65,721.12,49.13
7.03,15.71,7.59,25.0,311.26,194.72,80.91
8.44,55.99,5.35,30.34,1173.48,802.03,53.59
5.63,39.13,6.28,35.84,675.17,435.49,59.63
4.5,75.61,2.42,36.14,1510.24,917.39,37.77
8.37,54.78,5.22,31.14,1224.29,634.3,54.69
6.47,61.69,5.8,34.29,863.12,536.08,56.61
6.8,30.58,8.77,16.9,886.9,594.35,62.14
9.18,60.24,5.73,16.85,943.99,555.87,53.67
6.74,1.54,9.13,25.02,468.11,348.69,80.85
6.84,8.11,7.95,25.57,232.72,120.03,86.8
5.76,84.53,2.24,34.8,1462.39,754.8,42.75
8.61,83.77,1.89,33.34,1303.69,893.4,41.42
9.24,50.98,2.87,15.24,1077.3,634.79,46.73
7.66,42.36,6.07,28.18,879.04,551.05,61.72
5.76,91.92,6.14,32.57,1344.66,903.1,50.25
7.01,11.64,7.55,26.61,394.76,249.91,79.47
7.45,17.73,7.51,22.75,660.99,460.15,70.53
6.77,14.79,7.76,22.67,311.49,169.8,81.66
6.0,27.36,7.41,28.95,632.79,370.35,69.05
6.44,2.01,11.11,18.84,417.34,220.18,82.68
6.02,59.59,2.87,37.79,1561.69,905.42,41.86
4.77,51.91,4.27,32.4,592.67,317.55,59.49
8.69,36.16,4.71,18.16,1305.63,868.57,52.75
7.64,13.7,11.3,20.87,175.42,86.72,86.85
8.32,39.13,7.2,26.61,561.31,379.98,67.51
6.81,22.96,8.5,21.3,491.76,262.06,74.89
8.51,45.57,5.97,32.82,1370.71,770.11,53.21
6.66,9.27,10.44,21.01,280.33,105.3,86.1
5.79,21.55,5.68,25.75,643.86,339.44,69.92
8.23,25.35,4.91,30.63,539.94,306.73,68.44
7.29,11.83,9.92,24.28,368.37,203.12,81.77
5.48,23.85,4.36,17.81,857.04,506.01,60.46
7.68,34.46,4.57,29.86,952.04,561.49,60.01
8.06,32.23,8.57,32.69,516.76,227.72,70.85
5.07,54.08,5.57,33.85,1610.45,933.3,48.42
6.04,35.26,4.43,15.61,741.3,389.96,60.46
4.8,72.31,5.38,31.88,1437.26,1023.64,47.47
8.9,67.02,5.23,13.88,1744.46,1166.46,43.75
7.27,14.48,6.12,17.6,438.84,226.09,75.34
7.44,32.9,8.55,27.72,829.15,443.64,66.68
8.87,18.3,6.21,14.39,1252.11,642.47,56.7
5.24,56.13,7.89,14.27,1207.42,781.71,50.81
8.26,52.79,5.81,14.0,751.77,357.36,58.55
6.04,26.29,8.33,25.53,771.44,488.91,67.31
6.81,9.55,8.96,19.59,433.19,218.69,79.8
7.29,6.78,8.18,26.43,178.39,104.96,88.64
8.93,42.69,6.19,18.3,1397.85,836.52,52.84
5.07,57.13,4.45,32.03,1282.08,696.18,50.82
5.54,38.48,3.86,17.38,586.62,340.45,61.79
6.52,18.82,6.73,26.96,742.93,486.73,68.77
8.09,17.66,5.0,33.3,1310.67,829.63,57.33
8.35,14.56,5.24,29.67,729.34,450.82,67.38
6.03,20.74,7.0,14.77,717.26,373.55,65.55
6.06,38.01,4.64,30.51,774.06,460.7,61.53
5.05,64.29,5.82,12.71,1041.91,532.28,50.15
6.26,31.03,6.52,16.22,903.75,538.7,60.7
5.0,46.97,4.99,34.19,1495.42,995.17,47.9
4.5,37.99,5.72,13.05,1165.83,614.15,49.76
6.25,24.44,8.45,16.69,370.51,239.81,73.65
8.12,43.02,4.21,12.53,562.1,370.66,57.65
8.34,54.73,5.86,16.29,1268.29,886.42,51.3
5.99,43.61,7.72,19.35,397.52,214.7,71.84
6.56,29.89,9.55,19.47,614.38,399.64,68.86
5.44,67.42,5.9,35.34,1243.04,626.81,50.97
7.35,16.74,7.87,21.39,609.4,347.18,73.13
7.13,8.21,9.56,17.06,435.37,271.85,77.59
8.36,29.35,7.03,26.35,930.7,512.79,64.02
6.06,26.44,7.84,31.03,302.94,170.3,76.99
8.31,80.6,4.65,34.88,905.57,631.41,51.33
6.53,2.52,8.61,26.24,394.48,208.34,84.19
8.46,30.66,6.65,15.84,717.99,408.43,62.71
6.74,8.98,10.49,26.62,156.03,130.57,88.06
7.64,36.11,7.73,26.97,870.33,496.73,64.75
4.52,77.1,2.19,37.88,1068.8,706.74,38.31
9.39,22.96,3.33,10.0,1685.32,1176.59,40.4
6.23,18.22,7.28,22.08,622.43,370.35,71.75
8.15,33.61,6.53,16.35,671.89,393.42,63.73
8.14,81.69,4.18,10.14,1285.09,660.86,43.33
7.75,15.12,5.51,23.76,500.22,368.44,72.82
6.54,1.36,6.1,23.74,505.71,272.1,80.45
5.86,37.69,6.58,14.06,1083.86,677.52,54.66
5.63,40.47,5.44,19.64,707.29,461.8,62.0
9.63,87.43,2.38,34.1,1617.31,1021.12,37.75
7.36,17.89,5.57,16.87,440.17,274.19,72.17
5.62,65.02,5.31,32.11,1132.52,569.19,54.56
7.42,12.65,10.96,21.85,346.4,212.78,81.25
6.03,36.86,4.48,32.76,948.05,593.21,57.15
7.48,42.53,7.57,20.43,696.37,406.15,65.83
4.95,33.83,5.56,17.24,1264.44,814.33,53.1
4.98,78.03,3.81,34.83,945.21,488.78,50.13
6.37,7.57,7.78,27.75,530.81,289.58,77.99
6.16,33.88,5.52,16.67,1026.99,532.13,59.03
6.39,19.93,7.1,19.06,466.1,304.63,73.06
6.78,5.56,7.38,20.72,313.35,203.09,83.02
6.84,10.81,10.66,26.0,80.07,30.0,92.44
6.8,9.97,9.49,26.92,276.57,175.58,84.19
9.67,35.19,4.15,28.51,880.88,526.56,55.97
6.19,22.2,7.33,21.25,879.18,540.5,65.87
6.39,14.44,7.76,22.02,167.42,84.27,86.31
7.52,34.3,3.97,32.11,1399.46,797.81,53.81
8.62,92.41,4.96,37.71,766.8,458.41,51.05
6.35,18.17,7.68,20.68,374.52,178.97,78.74
7.33,34.5,7.42,17.78,683.08,423.82,65.37
8.12,22.0,5.97,33.3,573.81,342.27,67.73
7.24,4.95,12.0,17.18,351.54,165.74,83.05
5.8,20.21,7.01,19.23,710.18,390.56,68.28
5.43,48.89,4.68,31.73,1026.5,572.44,55.39
6.15,45.44,4.97,30.73,1167.67,675.07,56.13
7.88,53.49,4.58,30.24,831.0,442.41,59.78
9.45,54.93,5.38,39.08,829.1,532.2,47.94
6.83,23.63,10.44,21.25,510.17,285.52,74.49
7.37,16.35,9.66,19.06,443.16,338.68,74.7
6.41,62.18,5.43,29.77,1374.82,758.54,54.36
5.83,68.7,5.75,34.43,1266.65,747.53,51.01
7.15,15.19,8.63,20.31,535.82,352.21,74.13
9.8,96.83,2.43,30.77,1412.75,753.57,41.52
5.99,44.51,6.63,25.05,589.54,377.32,66.87
6.37,48.87,5.21,19.62,1091.21,579.99,57.84
7.99,24.24,8.21,18.28,700.04,424.17,67.21
5.71,86.01,5.33,16.36,1450.22,993.74,47.96
6.21,23.18,7.75,22.56,921.74,478.74,66.89
6.81,54.14,6.95,31.37,802.72,404.03,62.76
6.03,36.45,6.68,15.96,682.27,397.57,63.18
4.5,79.2,4.08,33.76,1025.48,542.32,48.75
8.33,47.41,6.19,19.4,993.37,528.06,59.01
6.25,18.94,5.31,31.53,623.6,391.5,68.09
9.29,41.5,4.14,13.85,773.08,406.16,53.94
5.33,50.0,5.72,35.14,1283.9,790.45,50.37
5.97,68.33,3.58,10.0,1189.0,747.84,42.48
6.77,52.66,4.91,32.54,934.69,619.67,56.39
9.12,80.94,4.83,11.6,947.42,649.53,45.49
6.52,10.38,10.39,24.32,111.29,42.7,91.33
7.57,47.21,4.81,14.83,811.15,415.51,58.2
6.64,18.63,9.35,19.59,532.03,299.61,74.15
7.14,0.5,10.27,24.46,204.84,126.38,90.77
8.51,81.9,3.54,13.15,1130.52,582.87,46.56
7.68,25.76,6.61,28.86,857.42,505.59,65.37
7.13,16.92,10.57,25.09,370.85,228.54,79.78
5.98,36.51,7.86,18.66,630.63,380.99,66.36
6.35,33.22,7.2,30.54,1118.34,664.64,60.35
8.12,46.04,6.26,20.36,842.62,508.84,61.15
5.95,67.02,2.62,36.69,1331.71,729.57,43.78
5.7,29.72,9.15,20.41,793.27,374.2,67.23
7.38,13.96,7.85,20.48,264.04,207.07,80.88
6.67,4.12,11.07,26.33,273.14,129.19,88.09
5.54,44.69,4.43,12.89,1301.76,803.64,47.73
7.08,23.4,7.14,24.99,684.77,372.64,70.65
7.92,29.8,4.32,14.97,1249.23,637.46,54.5
7.1,10.77,7.37,19.88,494.5,232.62,77.86
7.94,66.57,2.03,10.0,1071.25,538.72,41.41
7.05,7.59,10.86,16.62,385.46,261.31,78.61
6.58,25.71,10.35,19.5,236.66,107.17,81.58
5.38,50.22,3.97,37.25,1338.36,793.35,45.86
4.5,36.79,3.43,35.2,1699.32,1065.62,43.44
7.01,19.78,7.89,24.5,584.0,350.12,73.19
4.5,73.36,3.22,33.0,1164.56,604.56,46.51
6.25,43.44,7.24,29.78,920.9,487.18,62.38
7.13,14.47,8.92,26.03,442.57,214.23,79.53
6.14,12.65,7.75,30.89,652.63,343.61,72.55
6.1,54.44,6.76,18.01,677.13,408.09,62.56
8.85,28.26,6.26,28.13,951.6,544.14,61.69
7.81,61.67,2.79,11.1,961.71,504.75,46.5
7.39,7.59,7.13,27.89,412.23,192.0,81.52
5.63,61.29,5.2,17.15,808.92,502.5,56.84
5.45,40.92,4.1,14.96,1341.71,660.62,50.76
8.52,42.51,3.2,35.3,1191.68,680.84,48.91
7.77,11.32,9.7,15.57,381.8,246.37,76.27
9.15,72.54,4.93,37.24,1451.38,949.15,42.86
7.11,8.41,7.99,19.96,385.22,195.04,81.24
6.92,28.82,7.06,27.31,410.68,244.27,74.76
6.71,14.67,9.04,26.49,520.97,380.51,74.87
7.36,8.17,8.61,23.51,453.83,280.87,79.56
7.13,12.63,9.57,18.54,489.74,281.34,76.27
7.01,10.84,7.35,24.11,183.02,133.09,86.0
5.31,46.33,5.9,13.69,1416.39,959.75,48.17
7.65,4.73,9.35,23.46,262.52,137.99,87.15
8.17,28.92,8.0,17.32,650.67,411.06,65.91
5.92,16.99,6.0,27.7,764.28,433.93,68.58
7.23,17.69,7.59,21.45,236.94,142.06,82.38
6.97,10.98,8.49,23.23,370.49,156.78,82.85
7.31,35.37,7.02,22.86,848.07,541.79,64.18
7.76,36.48,6.39,32.52,990.22,568.85,59.74
6.09,32.49,7.96,17.09,623.87,361.34,66.62
7.82,43.11,5.23,18.75,996.48,683.63,57.14
8.52,31.0,6.04,16.7,905.08,533.98,59.52
7.94,32.55,5.09,30.83,665.12,389.89,64.83
9.4,54.67,1.52,13.52,1281.94,750.9,37.85
8.97,34.53,1.34,13.85,1398.24,835.21,40.1
7.22,14.83,8.39,29.23,564.17,295.58,75.22
7.37,55.21,6.13,20.6,1137.97,730.87,56.91
6.57,14.8,10.73,22.1,381.57,245.58,79.35
8.0,42.36,7.22,33.33,436.3,251.74,68.67
5.55,39.88,2.15,34.08,1137.53,687.06,47.71
8.25,75.57,2.32,10.0,696.77,387.11,46.08
5.12,47.74,5.29,16.14,992.67,564.02,54.29
6.5,6.31,9.58,19.2,188.49,141.72,86.39
8.16,72.14,3.71,15.33,1246.78,731.24,48.06
8.46,20.2,4.25,29.45,899.39,449.03,63.32
6.94,4.62,7.06,18.15,277.5,136.04,84.38
7.2,8.02,10.14,27.11,228.88,163.42,86.05
5.03,59.99,5.92,17.09,676.01,404.13,58.78
9.1,64.46,2.14,37.32,1454.32,754.49,38.91
8.46,49.62,3.02,16.07,1514.12,794.46,46.99
9.36,33.84,3.62,12.97,1585.67,1022.78,43.37
7.66,76.64,2.17,17.33,863.81,443.11,51.54
8.08,20.04,5.96,15.99,625.32,316.17,67.77
6.92,0.72,8.7,21.19,460.85,297.55,81.61
6.25,25.36,3.89,18.86,899.68,597.99,59.73
7.44,43.66,8.13,18.36,410.72,242.05,71.19
9.26,70.37,3.89,34.53,799.68,439.21,51.86
7.42,17.59,7.31,20.68,682.33,376.55,71.15
7.86,41.14,8.36,26.02,458.63,292.94,71.4
7.3,2.78,8.06,17.64,302.68,160.22,84.15
6.9,12.23,10.79,29.98,459.67,289.75,77.54
8.21,20.85,4.58,32.42,1015.42,514.43,60.92
4.79,51.53,3.94,10.96,904.96,458.97,47.72
8.91,33.03,3.63,15.23,1425.94,839.92,48.6
7.59,61.26,6.22,14.55,679.21,441.47,58.65
6.42,15.33,11.91,24.22,442.45,283.94,77.96
7.5,43.86,4.96,13.64,646.41,362.09,59.9
6.72,10.32,9.28,28.0,277.94,175.79,83.73
7.79,27.91,9.06,32.87,733.88,382.7,66.72
5.02,55.22,4.3,35.41,828.22,443.89,53.36
8.19,39.42,6.4,33.45,1131.64,683.67,56.11
6.21,10.65,6.69,28.39,761.14,464.46,70.71
7.47,30.71,5.53,22.2,540.35,362.08,68.94
8.57,38.63,8.37,17.0,1053.15,733.83,56.73
8.26,75.05,3.77,15.07,931.38,546.62,51.1
6.81,19.1,9.45,22.09,561.61,390.92,72.93
4.74,42.46,5.09,13.52,898.65,484.48,52.81
7.24,12.32,8.37,19.61,492.09,293.27,76.24
8.38,38.78,4.5,35.58,1485.31,848.92,49.45
5.66,67.1,4.47,13.12,1619.18,933.72,44.62
5.09,49.81,5.27,32.48,483.39,241.27,64.74
5.48,22.8,7.93,16.66,747.43,440.81,64.75
7.24,28.12,5.16,18.55,1019.73,639.26,60.07
8.87,52.93,6.77,15.14,1086.85,646.11,52.8
7.31,8.19,9.01,20.83,205.04,130.46,86.46
7.78,38.84,7.28,17.92,645.28,435.68,64.5
5.83,44.92,4.46,16.63,836.25,513.96,57.02
8.57,45.29,4.33,33.01,1130.27,603.34,53.58
5.42,28.51,1.42,15.44,815.58,528.67,49.71
6.27,40.23,7.01,15.45,880.53,475.72,60.02
5.85,73.2,3.25,16.84,1051.4,569.95,50.83
6.05,12.57,6.95,18.34,777.43,412.2,69.35
8.87,36.17,4.11,10.0,849.43,487.55,49.61
7.27,11.58,9.56,19.17,348.91,170.11,81.43
7.88,39.04,6.75,31.36,706.28,390.14,64.77
6.6,4.96,7.65,26.43,360.28,172.91,84.24
6.31,37.93,8.52,29.94,952.3,570.83,62.34
6.36,73.64,2.62,35.73,1537.98,1026.35,42.25
7.2,19.23,8.17,27.76,685.87,425.37,70.81
5.89,19.8,6.9,20.45,641.24,380.08,69.78
6.49,10.91,7.53,22.59,670.07,436.37,72.78
8.37,35.88,7.13,17.75,615.6,400.83,64.71
7.48,39.98,7.63,19.85,511.12,286.05,70.04
7.88,20.32,9.0,29.24,458.52,242.49,75.8
6.16,26.28,5.54,27.2,838.38,468.71,65.33
8.94,68.21,4.92,13.23,1216.15,728.73,46.57
6.64,28.57,4.44,17.08,640.42,441.93,63.23
7.49,27.09,9.42,19.7,765.68,463.2,67.16
6.92,8.76,9.93,22.63,231.66,105.23,87.46
7.97,59.66,5.65,15.9,1124.2,739.56,52.69
7.7,44.38,5.13,33.55,954.62,615.47,56.43
6.76,19.79,9.36,17.12,490.69,321.73,72.39
6.24,32.4,6.61,18.17,607.31,380.97,66.56
6.52,25.03,5.45,17.61,602.51,366.82,67.17
8.38,24.11,7.54,29.05,713.39,365.36,68.55
8.98,80.24,3.78,16.1,1199.54,718.02,46.95
6.54,10.13,9.95,24.13,481.89,349.25,77.5
4.5,71.71,3.88,36.19,1359.66,873.26,42.03
5.13,59.58,6.9,18.24,1482.49,829.39,51.65
6.83,18.61,8.22,23.22,596.32,422.38,72.02
5.9,10.22,7.28,24.77,495.75,269.29,77.43
7.07,9.67,10.41,20.73,367.31,241.07,80.87
5.69,58.57,4.84,30.99,885.53,559.32,56.61
5.8,89.19,4.1,35.94,761.76,417.4,53.34
6.77,8.54,8.9,26.5,356.66,165.38,83.74
5.33,86.74,3.1,35.04,1129.65,680.13,45.75
4.5,32.08,4.62,15.77,1051.09,525.18,53.65
4.5,42.22,4.57,19.76,1449.01,840.04,50.01
8.35,47.12,6.88,13.62,451.41,265.69,64.12
6.73,13.2,10.66,24.61,425.6,238.3,79.9
5.89,15.06,7.04,24.9,654.79,410.78,71.39
6.38,30.31,7.58,19.91,415.76,275.02,72.78
4.5,79.31,2.38,11.81,1280.57,882.68,36.11
5.85,60.64,4.56,18.54,1070.53,628.84,54.27
6.18,40.51,7.11,15.53,953.0,519.78,58.95
9.67,36.9,4.4,36.3,1106.57,719.82,47.53
6.41,28.37,5.31,15.44,706.29,460.39,62.09
6.13,50.42,3.55,14.51,1467.28,944.53,46.73
8.62,55.29,2.64,35.76,1493.21,958.62,42.41
6.83,24.22,5.12,30.09,816.49,543.48,63.89
7.42,12.85,6.4,21.19,293.21,198.24,80.41
4.66,55.21,4.29,14.46,1226.3,730.45,46.6
5.94,39.57,5.25,32.34,943.78,524.97,58.82
6.52,17.86,7.18,20.11,350.76,219.63,77.67
7.04,21.13,8.53,25.5,818.76,473.52,69.09
6.58,10.27,9.5,23.3,497.89,283.35,78.51
8.6,50.69,5.72,28.48,692.48,380.51,62.89
6.92,21.32,7.42,27.22,354.28,193.81,78.59
7.42,29.1,4.62,35.51,1048.35,642.93,55.84
5.65,35.82,4.73,16.14,855.4,581.91,56.9
9.34,50.71,2.44,35.62,1155.96,791.97,42.61
5.55,39.51,3.69,28.73,837.84,415.46,59.97
8.54,47.94,5.69,15.53,896.65,504.3,56.34
8.49,64.67,2.81,31.39,913.09,521.46,52.15
7.18,20.91,9.47,27.77,324.04,162.0,80.61
5.6,24.68,5.72,32.55,900.27,602.62,60.39
9.07,43.5,6.17,16.02,1182.8,727.96,52.34
5.37,31.07,5.17,15.62,1694.07,867.01,51.53
6.25,38.18,5.09,31.16,567.79,353.04,65.57
5.39,41.3,5.1,27.5,1274.41,834.85,54.88
7.76,58.38,5.29,17.06,762.89,408.87,59.83
7.65,36.43,3.82,17.66,1235.19,866.57,52.94
7.18,18.77,6.11,22.22,257.02,119.71,81.76
7.53,7.0,9.96,26.64,448.53,249.96,81.01
7.51,29.36,6.57,32.14,746.81,470.94,64.43
6.23,39.6,7.31,27.65,809.77,449.92,64.88
7.33,5.44,9.48,21.62,233.02,88.83,88.75
6.69,2.13,11.99,20.99,390.22,237.23,83.78
6.38,22.2,7.08,25.14,694.92,279.79,72.48
6.45,12.85,7.62,21.47,270.11,178.53,82.04
7.02,5.67,8.11,24.42,329.34,156.39,85.25
6.41,29.37,6.39,29.35,194.16,109.9,80.25
8.33,57.59,6.42,28.39,1129.04,696.64,56.52
5.17,80.9,5.29,32.52,1176.0,730.06,50.51
5.27,51.14,4.38,36.2,979.92,631.0,50.29
6.65,42.93,5.94,18.88,749.04,440.07,63.04
7.79,14.14,5.38,31.0,809.47,535.93,66.02
9.22,58.97,5.65,32.84,1223.45,660.89,51.3
7.43,30.6,5.23,18.07,900.82,592.19,60.5
6.38,18.22,8.12,14.02,960.84,548.05,62.06
7.75,16.41,8.4,23.48,406.4,273.07,77.35
9.16,77.05,1.35,13.82,1173.48,636.49,38.31
5.36,73.22,6.39,30.71,1560.14,1068.88,49.98
7.68,18.81,7.92,30.41,453.1,314.0,73.91
6.37,9.69,9.4,19.08,329.73,158.88,82.32
7.22,7.87,10.01,22.16,342.78,231.62,82.4
7.52,19.99,7.08,25.03,492.37,274.6,75.08
7.23,14.03,10.65,25.25,533.28,245.07,78.32
6.54,42.93,6.05,33.16,1290.8,751.07,55.2
8.67,46.53,3.8,18.35,1190.37,703.99,51.89
6.11,72.66,3.99,13.26,1407.62,816.31,45.71
6.27,15.62,7.61,18.04,766.37,430.98,68.64
7.47,7.53,9.6,21.06,127.93,85.91,89.64
7.84,21.92,5.1,16.33,1025.0,558.84,60.3
5.92,30.31,7.75,21.49,729.2,401.51,67.33
5.98,60.64,4.58,32.06,1045.58,671.69,53.78
9.53,34.63,3.95,17.23,781.69,401.21,56.7
6.15,60.09,2.6,33.52,1526.39,1043.73,44.65
8.46,27.11,3.69,30.22,1574.71,1047.07,52.31
6.51,16.98,7.77,21.61,484.26,344.65,74.3
8.17,57.53,8.09,13.39,916.84,525.67,55.25
5.95,12.04,9.15,22.89,501.64,288.14,76.98
7.79,31.12,5.39,27.03,654.83,330.99,68.18
7.45,31.2,4.12,14.9,980.57,548.79,56.54
4.91,70.84,3.68,33.92,1309.21,886.67,45.14
6.73,14.92,6.65,25.04,279.6,178.71,81.44
6.38,31.91,4.69,34.75,1419.57,972.55,51.98
6.77,12.1,7.1,23.58,448.2,291.59,77.46
5.97,28.11,3.76,18.95,810.68,446.19,61.34
6.29,24.62,6.93,20.97,536.07,295.31,72.11
6.44,13.37,7.14,15.13,361.29,189.48,76.21
5.25,61.41,5.42,30.1,1091.13,695.13,53.96
5.05,21.51,4.76,15.16,689.26,425.27,60.95
7.29,3.72,7.98,16.56,344.09,160.89,82.38
6.34,48.25,6.12,32.45,1089.07,754.47,55.73
6.1,59.84,6.22,29.22,952.61,665.31,57.74
5.4,33.98,6.76,16.24,1097.44,778.49,55.4
6.33,53.15,5.6,36.59,1297.55,692.29,51.02
6.6,16.22,7.87,24.02,471.13,300.53,76.16
6.51,26.0,5.77,23.42,558.85,324.86,70.87
8.72,33.5,4.48,12.06,1106.35,584.33,50.78
7.09,12.78,7.77,28.02,396.85,224.09,79.54
9.25,78.0,5.7,35.02,723.98,393.24,54.84
8.34,53.84,2.8,11.64,1702.89,882.7,40.78
7.24,21.44,7.55,18.53,459.43,276.39,73.57
6.89,1.09,7.93,22.8,289.82,214.22,85.79
8.45,49.02,2.03,12.43,1296.35,912.23,40.41
8.2,44.05,3.78,37.64,1609.56,856.64,45.42
7.34,23.18,7.2,20.0,1031.12,628.92,63.55
7.86,24.3,9.36,27.1,402.41,206.05,77.21
5.87,92.66,3.71,34.09,1052.69,574.22,50.3
7.33,48.11,5.45,13.15,1171.22,758.38,51.16
6.66,19.46,6.37,21.55,383.5,257.8,75.98
6.04,38.69,4.13,22.49,1421.29,976.87,53.67
6.52,24.62,5.91,31.39,1301.94,760.16,59.14
9.14,32.25,2.55,28.62,1356.1,869.06,49.19
6.01,25.92,4.58,30.54,1294.39,748.24,57.43
6.71,23.52,6.49,15.43,1137.79,730.21,58.53
6.02,9.47,8.52,29.45,143.41,101.17,87.15
7.77,11.54,6.08,32.89,472.82,251.91,74.48
6.4,7.59,6.7,20.76,523.06,380.55,75.16
7.32,2.29,9.18,18.83,113.77,37.5,92.62
6.51,29.96,4.85,16.62,886.22,605.17,59.05
5.55,25.52,6.21,31.6,737.37,364.59,65.88
6.7,9.72,7.91,18.91,354.74,250.84,79.14
8.29,38.19,5.66,33.4,1251.21,865.09,53.51
7.66,21.05,7.04,21.59,406.17,235.85,76.08
6.84,25.59,7.04,26.79,606.03,331.56,71.45
7.56,83.51,2.62,13.32,1031.58,668.32,45.32
6.68,43.84,5.59,13.46,1084.9,550.24,54.74
8.77,57.14,4.41,12.31,746.4,416.12,52.59
4.8,76.1,4.51,11.69,1485.24,800.46,41.69
8.17,35.01,7.24,14.52,1195.78,637.33,55.85
8.92,48.65,5.72,15.48,1070.93,544.4,53.87
6.64,15.64,7.47,27.3,579.1,327.4,74.27
6.8,16.07,9.65,23.95,382.77,172.69,81.11
8.05,15.7,9.6,29.44,330.34,223.68,78.94
5.39,33.24,4.31,32.23,823.07,418.31,59.97
8.67,64.74,4.11,31.28,1126.2,595.66,52.52
5.63,30.3,5.78,34.27,1494.08,1002.21,52.51
5.75,64.48,2.87,36.9,791.07,511.28,49.15
6.56,8.72,11.16,24.28,304.6,189.78,84.17
6.38,43.38,5.21,17.33,1119.08,644.38,56.25
8.08,28.23,4.95,34.37,1134.34,660.41,56.2
7.15,11.11,8.86,29.39,565.11,361.82,75.09
7.25,37.25,5.58,18.44,887.07,545.27,60.77
9.43,94.21,1.4,38.74,1535.17,873.03,31.0
9.49,64.03,5.21,34.32,746.23,430.57,54.07
6.25,27.88,5.54,18.25,760.05,459.35,63.96
6.7,20.52,6.67,19.45,530.66,349.65,71.42
8.09,64.94,2.91,30.07,840.76,430.52,55.63
7.05,16.03,10.56,26.99,164.47,121.06,86.02
6.79,9.1,9.29,21.24,499.42,341.39,77.17
7.39,8.95,8.55,24.35,402.05,233.16,81.09
4.87,28.98,6.36,35.41,1241.32,763.52,52.75
5.46,65.71,2.03,15.03,1127.4,653.82,44.3
6.79,14.06,7.74,20.17,367.84,196.93,79.55
5.33,48.16,4.45,17.23,802.66,492.01,56.63
6.1,26.5,5.6,24.7,614.57,402.0,68.3
6.76,26.36,7.77,20.75,629.53,385.6,69.71
8.32,37.15,2.21,35.32,1214.28,789.93,46.23
7.08,10.34,7.45,28.78,686.0,315.47,74.88
7.04,11.42,7.57,23.77,413.95,241.8,79.56
6.84,27.28,8.89,24.44,235.64,145.21,81.19
7.83,43.04,5.85,28.4,950.16,488.48,61.68
7.21,12.18,10.82,21.09,434.77,277.79,78.53
6.12,51.75,6.82,20.38,902.38,534.26,60.58
6.99,15.95,8.9,21.34,589.19,305.17,74.87
6.88,13.76,11.21,17.11,461.56,298.35,75.24
7.18,16.72,8.81,19.14,509.0,260.95,75.46
9.08,51.4,4.37,17.32,777.2,511.67,55.06
8.26,84.06,5.15,13.17,1056.71,691.45,48.59
8.9,69.61,6.89,16.25,1093.55,584.63,53.21
5.45,38.79,6.68,27.03,1032.07,725.8,58.76
7.78,34.57,5.05,30.08,940.97,430.2,62.43
5.72,36.72,7.16,22.34,1110.56,582.88,60.96
8.7,47.48,5.56,18.37,869.84,490.99,58.31
8.39,17.68,9.95,27.65,355.86,225.03,78.09
7.26,10.04,8.43,18.57,239.58,138.21,83.79
5.76,27.21,5.54,32.13,898.71,596.59,60.35
6.76,28.38,5.75,23.86,417.2,272.96,73.24
6.85,16.25,6.33,20.17,381.97,211.08,77.54
8.34,15.91,7.59,26.59,795.12,436.98,69.43
8.78,70.51,3.03,12.59,883.07,520.91,46.78
6.62,20.93,9.46,27.18,731.65,403.23,70.9
7.12,2.54,8.54,15.65,166.79,94.66,87.18
6.62,10.67,7.32,21.47,689.31,411.11,72.81
7.11,9.49,10.72,17.52,172.08,70.04,87.26
6.85,5.81,7.0,26.14,293.14,176.45,84.52
8.39,49.61,7.64,18.45,1170.72,780.67,55.51
6.32,21.74,6.4,21.96,420.71,298.43,73.94
7.51,26.83,6.92,30.79,893.36,608.86,63.09
7.09,6.07,10.37,26.96,50.0,34.45,94.38
8.68,35.34,2.86,16.64,1347.78,936.24,47.79
6.71,37.11,6.3,32.39,865.34,604.72,60.27
7.0,3.37,9.75,24.37,341.12,254.58,83.89
9.27,24.32,4.7,31.45,1210.89,813.98,54.26
6.45,9.93,10.46,17.79,522.02,310.58,75.67
5.61,55.75,4.48,33.29,728.32,363.01,58.91
6.75,12.2,11.06,18.87,406.66,256.63,78.37
7.37,5.57,8.04,25.85,278.1,157.0,85.86
6.16,24.13,4.06,10.73,681.41,445.51,56.39
6.71,22.98,8.3,16.48,569.23,349.54,69.44
9.09,45.0,6.74,31.15,845.14,518.0,58.56
8.37,40.2,8.83,27.4,535.0,332.0,69.03
6.88,32.43,6.24,15.79,653.66,364.99,64.86
6.91,23.16,8.32,21.7,355.17,174.92,78.81
5.69,71.0,4.47,11.5,1296.61,847.16,44.02
5.45,26.13,3.64,35.04,674.43,373.12,59.97
8.02,33.64,8.08,16.93,689.12,479.25,63.63
6.14,41.77,7.61,30.25,580.03,415.85,66.12
7.85,28.81,5.99,18.88,488.96,266.64,70.61
8.33,73.72,2.27,32.61,1246.57,804.26,45.08
6.09,33.13,6.32,27.92,1244.92,654.34,60.12
6.43,19.33,8.79,24.06,416.3,298.45,76.25
5.0,83.48,4.34,35.57,1198.74,713.6,46.3
8.16,57.82,3.67,28.95,1247.31,688.52,52.82
7.1,11.18,7.74,25.38,210.49,114.02,86.24
5.38,71.32,5.02,17.68,1812.46,1046.34,47.52
7.37,17.67,10.23,22.08,776.8,486.45,70.03
8.2,36.83,3.03,11.42,1221.49,736.29,45.72
6.55,13.04,9.06,29.5,290.64,195.24,81.49
6.32,26.64,8.44,26.66,691.85,436.96,68.91
6.69,12.86,8.4,27.34,469.3,284.92,77.56
8.55,84.07,5.43,34.53,871.24,428.98,54.99
8.39,17.94,6.89,15.73,1059.52,702.41,59.71
6.67,8.86,11.12,23.19,569.03,353.76,77.11
5.14,34.73,3.11,34.66,1141.58,753.47,49.07
6.55,29.28,4.28,19.72,1276.44,824.63,56.42
7.82,62.92,3.47,10.0,1860.31,1218.15,38.53
6.86,11.84,6.94,16.62,175.62,102.83,83.39
6.8,21.03,7.97,16.54,737.23,509.8,65.68
6.84,24.3,5.77,25.02,510.1,277.64,73.02
8.12,12.8,9.68,21.77,462.75,310.36,76.44
5.76,22.31,5.41,29.01,843.91,574.33,63.44
8.48,55.56,5.48,32.55,869.13,454.16,57.93
7.77,41.28,7.01,14.43,771.4,460.72,59.86
8.23,23.89,8.47,19.9,508.81,255.09,73.06
6.15,74.37,3.53,16.24,913.96,565.76,52.1
7.25,14.3,7.75,21.79,311.91,157.61,81.92
6.18,11.21,6.8,21.7,260.41,168.26,82.34
4.89,49.07,5.45,16.19,1176.44,643.09,51.96
8.44,36.87,5.02,26.18,819.79,533.72,61.26
4.5,49.8,3.54,31.84,1416.4,744.77,47.4
7.11,13.62,10.27,20.75,389.43,212.45,80.04
7.51,5.61,9.81,26.25,181.18,151.26,87.99
6.71,12.55,6.49,28.85,449.77,300.72,76.11
5.02,63.35,3.63,34.2,1250.16,762.26,46.73
7.74,55.77,1.44,33.18,1018.38,631.37,46.25
7.72,47.38,2.41,28.56,1382.16,744.25,50.48
9.04,32.92,5.38,36.47,1393.14,850.68,49.22
5.12,46.26,2.21,35.23,1596.93,963.3,41.61
9.26,51.91,3.6,13.46,1135.92,586.18,46.84
6.93,1.14,7.28,21.17,249.78,155.39,87.24
4.51,67.21,1.0,36.18,1713.24,1178.02,30.98
6.63,34.27,4.76,12.85,1767.79,961.2,48.83
7.06,14.13,7.22,21.08,406.87,229.66,78.31
6.3,32.3,7.27,29.29,706.25,461.17,66.1
6.5,14.42,7.88,17.54,342.37,239.86,77.14
7.63,28.74,6.84,22.7,697.86,421.73,67.86
6.61,9.02,8.45,20.8,342.75,195.25,82.01
6.14,19.9,5.87,23.25,766.01,420.51,68.42
7.81,16.03,4.58,27.5,808.52,443.83,67.2
7.46,24.01,7.32,24.69,488.61,244.02,75.09
8.6,18.43,7.23,19.81,627.63,400.07,68.87
4.83,50.12,6.48,12.93,1069.2,662.5,49.75
6.24,48.13,5.93,28.75,921.69,530.38,60.68
8.7,64.93,4.77,34.83,1456.28,804.83,47.69
6.61,17.07,10.43,23.66,600.35,334.11,74.63
8.64,75.53,5.35,11.18,1084.17,631.75,46.61
7.86,37.28,4.48,14.38,972.34,574.08,54.97
4.97,66.3,6.59,12.31,788.27,487.67,52.07
7.77,17.67,9.15,26.86,462.97,308.01,75.74
8.48,40.39,7.03,31.57,950.21,562.46,59.38
7.69,10.8,8.55,29.39,877.77,597.96,68.71
7.29,7.78,8.24,19.96,267.59,182.89,83.47
9.32,93.17,4.42,31.53,1555.94,861.16,46.0
7.7,12.79,10.43,16.57,289.46,185.21,79.69
9.13,69.71,6.17,32.02,744.17,465.27,56.95
8.8,58.66,3.54,11.28,899.16,546.22,46.65
6.12,34.57,9.41,23.65,516.82,338.61,71.02
6.85,19.15,7.84,25.99,285.19,184.18,80.72
5.34,39.25,6.31,15.55,1363.85,710.8,53.24
8.37,29.29,5.11,14.41,838.74,429.43,59.26
5.52,68.8,5.03,11.75,1025.58,707.58,47.11
7.6,23.59,7.72,20.85,985.08,565.07,64.91
6.17,40.0,7.31,29.57,683.92,441.98,65.19
6.19,41.25,7.67,18.71,639.03,365.04,66.14
5.85,20.21,6.51,28.78,764.65,535.76,66.18
7.81,57.4,3.76,12.42,1030.72,561.82,49.43
7.38,13.5,6.16,29.28,386.13,239.89,77.55
7.55,31.01,5.99,19.56,865.15,577.65,62.31
7.49,34.2,9.57,19.3,467.63,344.51,70.52
4.5,84.81,2.17,11.37,1120.63,594.95,37.96
8.3,55.63,3.83,19.7,943.68,507.59,56.03
6.14,27.85,5.52,15.45,603.39,321.32,65.57
4.5,65.69,2.42,35.34,1719.99,1122.77,37.58
8.14,36.35,4.73,12.55,1480.86,781.27,49.16
8.34,59.34,5.43,16.14,1065.46,633.81,53.41
6.24,12.52,5.95,23.99,284.83,185.91,80.93
8.17,33.08,6.35,35.49,1660.11,1063.28,51.11
6.88,8.72,9.52,20.35,544.71,347.84,76.45
7.94,19.64,7.76,14.49,923.62,497.28,62.56
7.25,14.15,6.33,19.49,550.28,362.85,72.47
8.14,25.75,8.17,28.74,984.58,495.56,65.09
8.18,48.84,7.21,29.53,711.13,528.66,62.07
7.53,30.51,7.91,17.43,856.85,583.17,62.35
6.84,7.0,7.56,21.62,416.03,242.92,80.55
7.78,43.02,5.93,14.22,614.6,337.2,62.12
5.68,33.87,6.11,17.5,526.43,286.84,67.4
6.21,39.65,6.51,26.18,583.15,383.34,67.56
7.02,17.67,10.49,24.31,677.42,444.46,71.95
8.43,60.28,6.01,14.12,1619.65,968.98,47.46
5.98,28.51,7.47,29.98,889.08,503.12,64.33
5.34,21.37,7.37,17.26,860.1,457.51,63.9
7.25,10.71,9.59,26.82,438.2,261.72,79.61
6.57,47.98,6.96,30.43,854.87,605.54,60.47
6.18,41.61,5.47,31.17,713.66,480.61,61.96
6.76,9.11,11.26,22.29,232.27,99.76,87.62
5.61,39.7,5.88,18.61,739.03,372.38,63.26
8.61,66.39,4.14,15.64,1602.4,969.68,45.83
9.03,27.48,2.6,16.65,920.83,510.17,53.48
8.62,32.96,3.07,15.12,1511.26,981.59,46.88
5.09,56.8,2.13,33.53,1462.73,900.39,42.39
7.63,24.39,7.95,32.19,673.94,400.18,67.82
7.43,15.69,9.59,21.27,454.87,233.03,78.05
6.49,18.72,7.28,27.02,378.99,204.43,78.41
4.5,73.98,2.08,14.87,1128.63,718.85,40.49
5.82,32.98,8.5,18.16,794.35,485.45,63.61
9.84,71.26,4.38,19.18,1182.94,756.53,47.23
6.92,5.77,8.35,29.21,243.57,163.61,85.57
6.08,50.13,4.93,13.24,1078.89,593.24,52.04
5.93,39.56,5.85,21.87,370.22,209.63,72.51
5.37,59.22,5.59,17.49,996.93,475.91,56.4
8.25,22.41,6.13,32.21,563.58,373.75,67.8
5.74,28.21,7.56,31.7,900.74,518.64,62.86
6.93,18.87,5.97,22.75,484.22,287.15,74.33
5.18,54.95,6.23,15.69,910.09,452.23,56.33
7.0,21.05,10.29,30.81,222.07,152.99,81.39
5.63,41.79,5.29,21.79,490.44,311.92,67.27
7.8,28.2,6.92,27.76,684.92,331.54,69.55
7.51,17.13,8.56,21.28,436.35,265.83,76.72
6.68,3.35,10.0,19.21,310.36,209.38,83.96
5.67,79.31,4.93,13.42,898.48,603.68,50.43
5.0,68.71,5.09,14.35,965.46,677.98,49.32
5.34,24.37,5.13,29.52,1077.61,718.67,58.78
9.14,59.96,4.09,15.08,1017.36,592.93,49.44
7.78,19.08,5.65,29.37,822.63,552.48,65.4
7.0,9.51,8.75,24.08,332.23,177.58,83.44
7.38,5.02,12.0,23.17,137.33,67.22,92.04
7.49,24.55,7.17,32.02,904.42,565.76,63.48
6.31,11.28,7.08,27.66,853.39,486.51,70.09
6.74,7.87,7.34,25.42,356.78,227.08,81.74
6.99,3.62,10.32,23.52,319.78,184.0,85.94
6.19,66.37,2.61,32.37,1510.5,1011.39,45.32
8.46,46.26,6.98,19.63,457.51,263.47,68.58
6.37,23.07,7.79,24.32,237.33,176.18,80.47
4.81,40.99,6.41,33.79,956.05,603.89,54.98
6.55,27.28,5.58,34.51,600.62,296.33,66.72
6.77,10.28,10.78,24.93,232.27,108.42,87.21
6.88,8.73,11.06,22.85,283.96,158.24,85.28
7.12,17.51,8.24,27.33,161.42,89.01,86.01
7.12,17.85,7.2,26.52,440.26,238.69,77.22
5.25,48.39,6.04,27.56,1180.42,659.86,56.56
4.74,25.28,4.68,29.17,1036.8,683.23,57.05
7.72,17.6,7.96,16.37,608.62,424.64,68.47
5.6,37.2,7.94,23.58,753.31,377.44,66.46
5.72,37.21,8.82,29.53,927.74,627.91,61.36
5.59,33.94,7.32,18.73,516.66,391.96,66.76
8.86,47.03,6.42,30.63,1335.68,863.85,53.27
7.02,18.9,6.69,25.88,569.19,315.37,73.58
7.58,35.96,5.62,29.82,1075.73,716.47,58.78
5.23,47.67,4.29,28.85,1062.71,655.38,54.71
5.36,30.92,5.23,15.1,1435.31,762.51,52.53
7.93,57.41,5.0,16.15,1320.4,800.68,51.18
7.98,12.63,7.9,23.17,456.47,321.24,76.27
6.08,52.84,7.68,29.21,652.08,372.31,65.46
5.93,48.05,3.4,35.1,812.02,415.5,55.22
7.26,16.24,9.98,27.03,333.67,183.12,81.33
6.61,42.72,7.35,26.67,894.46,541.25,63.1
4.78,81.09,5.63,33.22,1183.01,756.93,48.98
8.37,57.15,6.63,27.44,869.96,446.88,61.4
4.91,55.79,4.05,33.5,952.57,560.59,51.77
7.69,41.1,7.35,16.94,613.42,392.23,64.69
8.21,30.53,5.47,11.42,1361.43,945.32,48.7
9.34,54.33,3.52,10.95,1551.78,1039.38,38.35
4.5,81.65,5.2,11.96,984.22,528.62,46.4
7.08,21.13,8.28,28.47,989.2,718.49,64.46
5.19,79.69,2.74,12.96,1864.37,1074.83,38.14
7.23,12.44,9.05,19.18,464.68,251.61,77.49
8.78,35.18,4.91,12.5,1359.53,797.13,48.4
7.4,16.03,5.92,22.19,706.4,490.83,68.98
8.24,56.67,4.58,17.19,1118.2,638.45,53.27
8.62,49.83,5.61,28.34,1143.14,791.49,55.03
8.38,47.02,3.84,38.17,1584.79,1093.23,42.94
6.27,10.28,6.69,22.66,576.12,428.17,73.29
6.78,5.99,6.71,24.12,118.31,99.21,89.52
5.74,44.88,1.83,13.54,1295.08,758.65,42.88
8.7,69.64,3.88,30.37,808.46,424.71,56.41
6.58,8.1,6.2,19.08,424.14,199.38,79.14
7.96,25.11,4.3,17.24,1055.48,554.65,58.94
5.12,31.65,3.2,35.18,752.99,440.07,55.28
8.18,60.47,5.13,27.9,1056.09,710.09,55.68
7.68,33.97,9.21,29.68,798.23,569.48,64.24
7.21,30.39,8.1,19.02,464.91,312.66,71.38
5.23,34.93,6.99,27.25,677.19,422.51,65.13
7.03,4.67,8.73,26.97,236.35,128.31,87.92
6.15,35.12,4.25,27.99,652.19,450.09,63.57
5.81,64.96,4.37,30.95,1188.5,621.0,53.52
8.44,42.37,8.54,33.78,977.71,517.55,58.85
5.31,29.65,4.12,12.7,1192.87,625.99,50.85
6.15,62.58,6.16,34.17,865.84,558.54,56.33
7.77,72.26,5.55,37.19,1016.5,627.75,50.71
7.98,57.56,3.49,32.91,592.54,418.27,58.12
5.92,15.16,7.24,28.7,689.26,453.32,69.91
9.13,61.4,4.0,34.26,1021.91,682.49,48.76
6.28,52.36,5.18,15.27,944.47,577.35,55.17
6.21,21.87,6.43,29.87,633.3,429.54,68.44
6.2,18.19,7.82,19.37,764.07,432.51,68.71
6.68,13.45,6.51,31.16,669.68,402.09,70.63
6.85,21.61,7.6,24.71,554.44,357.69,72.74
8.6,30.26,9.76,23.63,510.04,350.46,70.42
5.77,70.36,1.83,33.01,840.95,425.15,50.12
5.77,55.16,6.02,20.14,1089.79,658.39,56.6
6.54,25.89,8.58,14.65,748.5,512.65,62.99
5.16,46.6,4.3,31.81,932.24,499.79,55.87
4.66,49.97,4.91,15.86,1665.55,853.74,47.03
8.17,35.51,5.02,17.36,900.47,581.74,58.27
8.52,51.73,3.97,32.63,875.38,592.87,54.1
8.81,22.1,7.34,33.9,905.13,463.27,62.12
4.5,39.39,3.0,16.0,1011.81,589.14,49.03
7.04,22.45,9.36,25.38,360.3,239.52,78.01
7.27,11.38,8.2,21.56,441.24,224.56,79.45
8.91,33.11,4.43,35.18,1196.94,639.34,52.15
7.29,13.95,10.05,23.8,174.63,69.26,88.11
8.9,67.94,2.71,17.07,937.41,596.61,48.59
7.52,13.11,6.73,26.6,281.54,141.71,82.82
6.62,7.07,9.44,25.12,226.16,125.53,87.54
4.84,30.35,1.98,14.63,1254.8,708.51,45.06
7.45,17.47,9.65,28.02,796.65,402.41,71.13
6.61,8.59,9.44,20.72,354.98,205.63,81.99
7.21,11.46,7.56,23.51,372.79,236.48,80.12
6.9,10.34,8.76,22.81,259.48,255.79,82.0
7.82,37.2,5.75,19.16,884.87,486.58,61.77
4.5,63.77,1.8,17.11,669.44,359.4,49.63
7.43,14.54,10.06,20.39,681.77,446.02,71.61
7.84,15.54,6.42,21.63,452.4,221.12,76.75
6.77,22.38,6.23,22.79,554.47,352.05,71.57
5.5,39.65,4.78,24.66,1190.01,777.87,55.97
7.75,34.7,5.89,30.4,661.45,350.55,66.53
5.2,83.83,6.44,15.25,1157.32,712.71,50.02
6.4,18.24,8.36,17.91,389.17,228.86,76.11
9.13,70.5,3.46,40.0,957.75,544.07,42.98
6.19,12.88,9.52,23.23,515.6,264.15,77.59
6.78,21.35,8.81,26.06,339.55,164.4,80.31
4.93,20.47,5.23,31.29,528.98,296.75,67.96
6.08,42.61,6.59,31.61,1013.51,504.84,60.19
5.81,27.21,4.04,33.01,682.55,374.46,62.73
6.92,11.73,9.18,24.85,329.42,162.23,83.35
5.89,22.1,7.98,21.9,482.47,268.26,74.18
5.88,36.22,5.01,16.86,1202.4,592.03,56.33
5.98,51.69,3.22,14.27,1493.18,1000.86,45.09
5.94,39.38,2.62,12.74,1507.72,794.1,44.71
5.68,51.65,7.22,18.64,1037.14,703.05,56.61
6.6,1.13,11.55,17.28,181.14,125.81,88.34
6.11,15.19,7.16,24.95,531.7,248.34,76.25
7.99,74.13,2.74,11.51,816.04,418.98,48.14
7.46,19.84,6.01,28.1,414.52,195.54,76.83
8.2,30.99,4.19,17.59,1023.6,651.97,56.49
7.72,16.37,8.29,32.24,624.25,451.08,69.35
4.85,25.16,3.65,15.69,1307.99,782.1,50.63
8.3,31.66,7.0,20.6,498.33,345.46,69.15
6.76,11.6,8.5,26.67,280.34,173.58,83.39
7.84,61.32,4.42,13.11,854.01,505.07,52.72
6.4,31.15,7.72,23.26,621.54,448.83,68.22
6.97,12.06,9.92,18.25,138.44,70.18,87.34
4.5,29.2,3.78,35.98,958.32,547.41,51.37
5.63,53.58,3.98,36.83,987.8,621.43,49.61
6.2,29.11,5.63,25.85,480.14,315.48,70.94
8.74,35.73,4.19,17.48,1274.75,724.57,52.77
5.65,64.39,4.4,37.27,1182.79,689.86,47.41
8.02,35.69,6.48,18.91,581.98,297.66,67.97
6.77,31.06,8.02,20.01,730.34,381.84,67.88
8.11,42.61,4.59,33.37,596.07,326.97,62.69
5.4,26.02,5.42,17.68,1140.74,717.29,57.14
6.66,13.04,8.31,24.57,428.11,217.02,79.81
6.18,32.87,4.84,28.54,574.71,312.77,67.92
7.5,15.4,6.85,21.87,569.39,296.99,74.44
7.76,22.97,5.51,16.02,817.51,546.16,61.7
6.73,12.14,11.37,27.5,98.14,80.68,89.68
6.23,33.51,8.94,18.96,616.95,338.03,68.67
8.53,88.16,3.12,18.55,971.14,625.23,50.07
7.36,8.02,6.38,21.7,311.9,197.25,81.94
4.96,25.8,5.94,29.93,838.27,481.66,62.31
5.64,48.23,4.14,34.79,1566.19,1051.46,47.1
5.0,46.39,5.74,32.4,1021.2,602.87,55.01
8.32,38.19,7.42,33.03,641.38,347.39,64.87
9.95,58.57,2.27,12.95,1440.21,1014.03,35.29
6.29,52.05,5.45,18.28,1023.86,515.1,58.16
5.94,80.12,3.45,33.15,1529.53,1045.83,45.58
5.04,37.92,5.83,30.8,1044.17,715.28,55.92
7.81,27.07,4.65,16.88,1262.0,716.42,56.34
5.91,39.47,7.23,13.62,510.36,313.72,63.99
4.98,38.5,3.88,17.83,962.17,663.01,53.27
4.82,58.91,4.81,39.4,936.35,617.85,45.68
6.31,38.66,7.3,19.12,666.61,354.23,66.63
8.27,31.66,7.49,29.5,632.75,340.74,68.23
5.39,25.77,9.14,28.28,583.46,344.07,70.11
5.33,34.03,3.85,34.52,804.41,489.57,56.18
7.81,44.47,1.26,13.32,1794.11,1052.21,37.94
5.8,53.97,4.19,34.67,1277.02,669.64,50.59
6.18,44.41,6.01,29.93,810.29,478.21,62.09
8.48,46.85,5.62,15.89,901.45,509.9,56.71
7.35,17.35,7.1,20.72,468.92,277.25,75.25
6.28,23.45,6.71,15.87,669.97,382.65,66.19
5.85,23.39,5.69,20.51,657.14,373.74,67.94
7.33,28.38,6.93,18.65,441.69,317.01,71.09
5.44,77.06,2.65,10.4,998.9,575.2,41.96
8.22,38.12,8.07,29.6,800.92,490.73,63.61
8.58,59.47,4.7,14.29,776.51,494.18,53.87
6.28,50.41,5.5,19.56,813.86,439.25,61.43
8.52,52.05,5.13,35.63,1427.0,736.61,49.47
7.19,23.46,6.69,24.14,420.34,270.77,75.06
7.2,3.2,8.71,27.41,247.69,173.92,86.86
4.76,92.41,3.1,33.63,771.42,437.4,50.37
6.24,25.93,6.2,26.12,563.44,413.95,69.33
7.28,18.55,7.43,22.08,616.0,370.02,72.17
8.86,41.63,6.03,34.17,981.88,655.95,54.5
6.59,23.87,8.12,16.66,457.27,267.74,72.18
7.67,31.59,7.58,27.54,497.69,287.65,72.16
6.97,12.16,7.89,22.95,141.35,55.58,88.99
6.82,0.5,8.62,25.41,384.05,254.87,84.21
4.5,48.67,2.51,12.02,1135.7,697.49,40.91
6.23,46.39,6.38,30.32,1049.82,602.22,59.0
8.85,33.68,6.32,17.07,1042.3,563.94,57.66
8.89,77.36,2.46,36.46,1209.79,825.86,40.89
7.41,35.38,6.01,34.2,715.56,401.9,62.9
6.49,7.7,7.76,24.99,274.48,149.91,85.16
8.68,73.97,3.11,38.25,1708.43,964.04,39.09
5.93,28.85,5.85,15.48,657.49,414.45,63.18
6.98,11.43,9.92,19.86,295.83,209.14,81.62
8.28,56.36,4.15,15.97,1185.61,736.71,50.39
8.14,23.42,7.84,33.45,1079.75,575.25,61.32
7.0,10.07,10.63,22.75,64.31,30.0,92.83
6.24,40.14,7.03,30.66,695.56,381.27,65.56
9.44,59.77,5.19,33.83,1727.99,1078.74,45.0
8.65,47.22,3.66,15.04,1805.76,1048.69,45.17
7.02,8.63,6.91,20.04,413.37,231.09,79.36
8.05,60.15,4.32,11.28,711.62,341.45,54.08
6.33,42.54,6.83,18.83,728.98,499.76,62.71
4.97,77.23,1.9,34.17,1370.98,673.12,41.65
8.16,46.51,5.54,14.64,1144.37,659.0,53.12
7.43,5.44,10.79,23.4,387.4,238.17,82.85
6.09,38.51,5.9,30.54,750.93,466.33,62.96
7.14,7.11,8.56,27.11,80.49,63.55,91.81
8.69,39.18,3.11,37.35,938.94,625.48,48.43
5.88,23.27,6.73,31.06,1125.5,607.84,61.74
6.88,11.77,7.53,17.13,256.01,206.69,79.75
5.94,28.32,6.39,15.95,927.5,555.63,60.12
8.44,60.0,3.97,33.26,926.73,552.9,53.33
6.8,12.79,9.54,22.98,272.66,155.22,83.93
8.12,39.04,6.03,31.41,1262.29,887.52,55.15
7.96,17.76,6.74,30.28,880.13,491.71,66.5
7.85,9.63,9.41,19.34,436.22,205.91,79.59
4.5,22.94,3.51,32.97,1136.64,652.0,52.6
5.24,62.57,5.03,15.65,612.54,321.96,59.24
9.57,66.3,1.64,33.85,1716.08,887.94,37.17
8.65,41.18,7.31,16.26,677.94,476.26,60.61
6.01,55.14,5.46,30.24,1035.14,553.39,57.78
7.51,18.04,7.6,16.16,628.3,454.09,67.54
7.89,42.43,5.44,34.33,1334.81,792.35,52.87
7.63,14.24,8.26,24.05,666.4,386.85,73.1
5.63,46.5,5.07,30.86,1527.41,973.24,51.84
7.91,62.26,4.96,14.28,1205.86,608.21,51.43
8.75,28.51,5.22,32.63,1396.36,807.32,54.22
7.97,24.43,8.28,16.28,686.75,404.98,66.28
5.52,24.39,4.95,16.96,807.67,443.57,61.94
7.42,37.19,5.96,29.23,1369.53,853.65,57.05
6.58,14.35,8.56,25.61,483.43,262.21,77.71
7.33,40.54,5.0,27.93,781.12,466.51,63.02
5.41,30.38,5.24,36.54,704.49,397.56,59.32
6.24,16.36,7.67,24.4,351.44,275.12,77.79
5.57,34.05,3.5,16.09,1293.46,932.19,49.78
5.69,60.27,2.87,14.87,1585.99,830.98,44.5
6.05,21.49,8.53,32.19,1016.52,678.66,62.32
5.5,76.02,4.38,31.49,797.0,429.06,56.76
8.97,75.68,2.99,33.18,1053.31,646.16,47.38
6.44,17.45,8.73,16.15,331.0,221.28,76.18
8.01,87.37,4.66,15.55,1818.82,985.46,46.21
6.64,17.71,9.39,19.93,412.24,303.0,75.82
7.3,14.52,7.25,24.18,315.75,149.34,82.21
6.17,37.78,8.7,17.84,486.18,352.13,68.21
7.1,15.67,7.95,24.52,591.28,362.75,73.98
6.12,24.95,5.51,24.58,685.13,407.07,67.87
6.92,5.09,8.23,21.16,178.83,108.57,88.65
8.03,60.66,4.84,17.57,747.94,452.94,58.5
7.5,46.29,4.11,35.6,1379.89,900.12,48.96
6.44,47.27,6.99,19.58,615.88,384.5,65.58
7.48,23.37,7.17,30.74,932.86,539.7,64.67
5.34,77.71,4.31,33.22,1488.49,827.52,47.49
6.18,17.71,7.26,16.69,602.19,373.18,69.22
4.5,71.95,2.37,14.45,1338.49,644.4,41.15
6.83,6.71,10.94,23.83,111.19,89.65,91.16
5.37,29.1,3.3,36.26,1109.59,580.08,51.51
4.5,35.36,3.11,35.28,1115.85,724.05,46.84
5.38,71.93,4.07,13.28,1108.02,645.07,47.25
8.37,33.08,3.39,32.61,961.12,492.8,56.55
4.86,50.38,4.59,16.42,935.93,618.16,52.27
8.23,98.13,1.0,12.12,1461.12,865.87,33.39
7.61,39.02,6.64,28.83,1182.1,612.51,60.2
8.8,26.79,4.6,15.34,1634.83,953.88,50.51
7.7,30.99,5.3,18.55,926.6,626.26,60.03
5.24,21.85,4.28,17.98,1082.97,726.07,56.57
5.06,40.78,6.91,17.95,1366.66,873.5,53.18
8.11,56.38,3.94,36.03,1035.64,728.95,49.22
5.34,45.45,2.87,11.49,1527.55,902.73,41.17
5.05,43.29,4.39,13.89,1898.06,1251.5,44.08
5.28,56.59,2.93,13.31,1421.72,911.62,42.36
7.01,9.84,10.02,24.88,423.56,253.95,80.55
6.86,0.5,8.19,26.68,282.52,139.12,88.46
6.6,15.35,6.38,20.42,216.39,123.5,82.73
8.02,27.17,6.23,30.25,919.47,610.4,62.09
7.85,34.59,6.11,29.31,769.98,397.85,65.37
7.77,56.84,4.23,30.17,730.11,415.34,60.29
8.17,24.5,8.34,27.53,408.44,309.53,73.76
7.98,22.54,10.25,20.13,533.34,330.58,72.4
7.12,19.24,8.96,28.97,239.99,100.68,83.65
7.31,8.2,11.37,26.81,483.85,246.5,80.62
5.38,37.47,4.46,30.68,689.2,458.49,60.72
6.85,24.94,7.16,26.15,517.16,352.93,72.17
7.22,18.43,7.05,25.99,170.3,111.78,84.47
9.05,52.79,4.74,31.94,1189.99,713.59,51.48
7.04,12.01,7.53,22.34,119.81,53.28,89.22
8.11,82.49,1.96,37.07,1336.81,822.24,39.65
7.03,4.87,9.2,26.19,291.92,190.5,85.44
6.87,19.11,9.02,19.4,394.15,242.32,76.8
5.1,49.1,2.78,13.64,1005.44,553.07,47.48
8.35,20.2,6.79,27.87,713.34,387.63,69.04
4.5,80.25,2.3,12.97,1626.89,1048.68,35.28
6.04,10.74,8.4,18.23,380.53,195.74,79.1
7.19,21.23,8.14,20.91,607.2,344.49,72.07
5.69,34.51,7.38,19.36,656.92,363.7,66.45
7.45,8.26,10.61,22.41,486.2,306.86,78.84
4.7,41.99,3.3,14.43,1656.11,919.53,43.65
4.94,46.81,3.85,12.0,751.91,491.31,50.25
8.85,50.7,5.7,18.63,1093.85,658.01,54.61
5.03,54.57,4.72,10.0,1129.3,721.3,43.85
6.0,28.04,6.04,34.3,811.17,606.92,59.84
4.58,42.04,5.49,27.58,932.27,459.19,58.61
6.11,16.84,6.57,15.51,1275.77,657.19,60.02
6.22,19.02,7.47,30.17,983.73,630.57,64.48
7.05,20.56,8.1,25.91,510.14,294.24,74.96
8.69,31.04,5.05,31.26,972.4,601.02,58.23
6.54,3.37,10.4,15.47,472.09,273.03,77.77
5.87,55.41,6.18,27.3,991.56,631.73,58.46
6.11,57.59,4.28,18.22,744.97,503.71,57.78
8.21,34.63,4.52,16.7,1088.98,647.71,55.48
8.17,45.05,5.35,28.56,1054.31,610.06,58.27
7.93,74.66,4.26,15.22,1467.56,1011.8,46.49
5.71,26.37,7.76,19.22,551.93,327.8,69.75
8.7,37.58,3.58,14.53,1014.33,549.03,52.14
5.12,61.08,4.15,32.6,853.85,600.87,52.83
7.77,44.81,8.13,22.94,882.59,546.53,62.84
5.9,62.11,3.62,17.7,652.92,351.89,58.98
5.96,7.03,7.93,23.03,435.09,311.48,78.51
7.83,75.27,4.77,12.69,1156.36,629.22,48.83
6.44,0.5,8.32,27.33,321.3,207.94,85.68
6.71,17.5,8.65,16.69,697.09,372.99,69.5
6.84,3.37,7.33,22.42,269.09,176.51,85.77
7.91,15.05,10.16,21.55,335.43,207.29,80.15
9.59,36.68,2.86,31.8,1658.92,908.9,45.36
7.37,37.78,6.88,26.67,787.55,476.27,65.13
7.81,75.87,2.37,15.21,1340.57,805.45,44.04
6.25,8.75,7.35,20.46,418.86,207.21,79.91
5.48,41.38,7.49,29.3,849.09,525.84,61.62
5.99,42.8,3.23,31.95,990.81,674.26,53.39
6.86,9.53,11.46,24.5,465.7,238.01,80.77
5.6,45.76,3.89,13.15,1242.24,854.46,46.93
6.43,38.92,7.12,26.05,819.22,577.5,63.43
6.17,16.35,7.22,20.69,236.67,73.83,84.04
9.47,66.0,1.9,10.0,895.36,473.95,39.18
6.56,20.88,6.56,20.77,968.14,622.13,64.34
7.38,24.84,7.51,25.78,431.27,227.33,76.1
5.11,81.29,2.05,12.27,1014.08,627.41,40.74
8.09,21.78,5.01,17.04,856.71,525.48,61.8
8.72,31.44,4.68,15.39,1326.5,798.6,51.83
7.58,21.6,7.49,29.81,620.61,416.93,69.72
4.86,47.78,3.64,33.09,1127.86,757.06,49.0
7.05,6.43,11.74,25.94,376.52,232.46,83.09
7.34,16.94,9.81,21.48,245.94,141.06,83.2
8.04,49.83,2.83,10.98,1335.54,685.17,43.44
5.58,61.69,4.02,19.0,996.61,636.07,53.4
7.65,29.49,6.94,29.15,555.94,338.53,70.04
6.51,19.06,6.97,30.46,543.97,384.28,71.12
5.99,23.31,7.68,13.69,627.06,401.36,64.44
5.33,49.17,3.79,38.11,1618.15,1034.13,42.29
8.11,64.12,2.85,13.27,1639.48,1148.57,41.05
7.28,4.12,10.47,28.66,209.99,111.15,89.05
5.5,40.34,5.87,13.13,1038.17,549.13,53.82
7.06,6.65,9.24,21.54,278.19,177.4,84.87
8.23,42.18,6.6,27.21,984.79,669.9,59.63
6.42,0.98,10.83,28.11,363.94,168.76,86.4
9.51,58.99,3.44,37.2,1084.47,635.9,44.0
8.73,27.78,4.28,11.6,1101.2,696.34,49.72
6.88,0.5,6.74,23.55,119.79,51.7,93.35
6.28,7.65,7.98,25.0,191.41,89.31,88.32
8.25,44.25,3.85,33.12,753.09,366.51,59.17
6.33,52.5,7.27,17.52,1106.22,671.22,56.78
6.0,19.89,6.47,17.06,1086.29,604.85,61.55
8.27,51.89,5.09,34.02,825.95,437.9,57.68
8.73,60.13,3.94,13.64,778.44,367.5,53.79
7.31,6.94,7.36,22.53,128.43,79.3,89.76
8.1,51.13,5.53,30.06,1276.35,830.74,54.36
7.13,14.48,9.59,22.46,637.17,438.79,72.8
8.45,77.01,2.37,11.22,1529.92,792.69,38.36
4.5,84.11,3.87,34.82,1020.84,706.82,45.44
7.58,33.62,8.81,29.41,718.73,506.74,65.81
5.57,38.6,6.32,14.45,1147.9,608.2,54.69
6.59,36.06,7.7,21.0,624.93,418.44,67.43
8.96,35.96,5.2,34.07,1729.74,1005.94,49.26
6.88,16.67,8.0,20.18,355.5,196.36,79.13
6.56,8.53,8.16,22.43,478.59,331.0,77.66
7.55,12.14,7.11,27.1,377.79,265.81,78.61
8.23,67.18,3.75,36.21,1185.88,821.97,46.3
6.32,56.37,4.22,36.6,1322.4,730.47,48.52
8.49,20.91,4.52,32.96,870.23,551.02,60.2
6.11,28.61,6.79,33.48,1011.99,692.98,59.0
8.72,49.82,5.09,15.44,1286.9,682.96,51.09
8.42,92.57,4.24,40.0,1505.35,971.25,39.42
7.67,56.25,5.85,34.3,600.8,374.13,61.54
7.63,28.13,4.63,36.89,664.36,350.5,61.31
6.94,31.11,5.86,36.03,1242.09,758.93,54.56
8.0,65.76,5.17,14.58,1275.7,841.94,49.15
5.31,36.05,3.85,14.26,1419.52,873.38,47.97
6.62,40.59,6.27,27.71,709.65,459.87,64.92
5.83,57.33,6.95,17.15,1064.36,537.88,57.06
8.18,65.07,4.46,18.35,1480.96,911.97,49.82
7.4,27.44,6.92,28.52,1076.39,719.05,61.87
6.02,24.87,8.5,18.02,488.48,300.48,71.4
5.05,51.18,7.05,30.28,1217.56,812.2,53.97
8.35,15.36,8.31,21.94,653.34,328.18,72.68
6.99,6.28,9.62,29.23,69.35,79.79,91.5
6.72,24.68,6.35,17.36,833.96,558.21,63.15
6.64,8.36,10.51,22.53,164.83,104.0,88.76
7.5,25.84,8.76,22.57,537.44,323.64,72.7
8.58,86.49,2.69,12.54,1744.07,944.18,38.71
8.14,25.75,5.1,27.09,813.96,498.23,64.27
7.53,23.6,6.3,21.26,654.86,376.7,69.39
7.22,14.67,11.01,20.69,352.52,229.16,79.85
8.99,28.15,6.57,27.21,760.54,431.69,64.68
9.03,28.19,4.52,34.14,1599.22,1077.46,49.36
6.68,38.76,7.27,27.19,547.01,260.49,71.31
4.69,64.55,3.43,30.81,753.31,389.58,54.91
6.01,21.05,7.09,28.76,479.5,255.84,74.28
8.19,48.71,8.7,16.39,856.75,519.68,59.42
5.82,15.04,9.67,22.04,573.27,343.41,73.92
7.4,18.05,10.26,24.42,533.69,304.88,75.66
6.4,13.17,4.44,20.87,825.39,499.16,66.58
6.48,28.85,5.0,32.48,575.12,415.4,65.17
6.51,19.57,8.31,29.9,688.98,417.57,70.01
7.48,5.41,9.88,28.76,507.12,316.97,78.95
6.89,11.93,6.38,18.36,456.87,267.46,75.62
8.51,46.35,3.99,34.31,885.9,615.46,53.1
7.58,25.69,5.26,18.31,658.8,384.43,66.37
8.78,76.32,4.54,33.57,1384.28,737.4,48.37
6.75,16.88,9.53,23.84,289.32,164.3,82.34
7.74,26.92,6.05,28.61,506.02,311.57,71.06
8.0,58.45,6.47,16.36,724.38,359.19,61.27
6.04,57.53,3.83,11.02,1523.29,1008.9,42.18
5.39,39.9,5.86,16.57,849.53,468.11,58.98
7.19,35.4,8.3,28.32,440.16,278.07,72.79
8.33,36.07,2.32,34.58,1668.06,897.57,45.39
5.17,35.78,3.19,35.42,1072.97,703.89,49.24
6.98,8.29,9.23,18.95,319.38,174.21,82.67
6.68,19.67,7.79,20.17,439.78,228.9,76.29
9.05,68.61,3.02,36.96,894.87,435.7,47.87
5.38,25.55,4.05,33.14,908.44,498.74,58.52
7.17,14.42,7.45,24.45,151.39,105.19,86.38
6.85,23.23,5.64,22.12,608.58,335.84,70.54
6.35,33.29,8.84,22.58,684.98,412.31,68.2
5.97,27.78,4.43,30.94,1330.65,772.12,56.25
5.36,35.18,6.92,29.85,1280.64,764.98,57.03
8.63,91.14,3.71,33.06,1415.03,746.98,47.02
7.89,22.05,6.92,24.25,557.46,335.28,72.12
5.91,34.63,3.61,36.19,1404.94,966.5,47.91
5.37,35.74,1.52,37.39,964.19,540.18,44.94
7.03,29.39,8.11,25.6,539.09,404.07,70.62
7.68,14.2,9.25,16.17,348.31,156.93,78.69
6.62,16.11,8.29,21.38,638.07,352.73,73.1
6.02,53.49,5.13,35.02,993.86,725.28,52.57
7.49,28.94,6.63,25.75,1021.89,638.38,62.96
5.53,30.91,6.06,30.06,1130.33,724.26,58.32
5.12,53.62,5.35,15.43,1314.61,735.75,50.01
6.08,46.17,5.92,31.67,759.57,495.91,60.86
5.37,24.59,6.15,19.81,1148.1,810.37,58.41
7.88,31.76,5.57,21.81,765.44,397.68,65.72
7.23,5.09,8.91,26.16,302.76,162.58,85.87
7.27,13.21,9.28,19.86,328.28,255.69,79.24
4.74,89.38,2.72,13.84,1572.99,827.78,39.36
6.03,24.36,4.62,30.73,659.68,391.39,65.84
8.35,26.1,2.97,36.48,1142.78,574.2,51.62
6.26,57.73,4.1,13.75,502.25,243.21,61.17
6.23,44.94,4.86,15.27,768.32,460.34,58.27
9.38,43.83,3.01,35.21,1245.26,667.6,45.98
6.73,20.57,7.99,25.06,305.79,173.14,80.45
6.37,26.49,6.66,27.88,1055.57,618.39,63.07
6.92,4.57,10.68,24.93,142.21,86.62,91.53
9.24,50.99,1.81,34.92,1114.45,722.11,42.23
9.45,36.63,4.54,34.87,827.55,511.74,53.85
8.03,52.17,6.0,21.82,727.25,336.9,64.72
5.69,46.5,4.07,30.49,1350.29,775.71,52.57
8.74,69.51,4.34,14.23,1257.63,818.99,46.31
7.03,10.11,9.59,25.56,62.22,37.62,92.58
6.08,68.54,3.9,13.75,764.42,480.24,52.94
4.65,46.75,3.9,14.42,1178.36,803.75,46.25
6.2,21.45,6.25,23.69,1000.47,605.71,64.41
8.48,49.38,5.92,16.88,1105.94,580.89,55.5
5.83,27.16,6.2,19.18,926.76,479.9,63.27
5.22,50.59,5.86,15.25,772.36,406.02,57.81
7.55,22.93,7.22,23.56,281.84,183.63,79.32
4.5,42.02,3.97,13.95,1188.67,612.23,47.8
8.19,25.59,6.27,17.72,846.03,580.87,61.83
7.07,26.44,6.99,13.66,556.93,341.03,65.88
7.34,13.85,10.12,22.65,165.33,84.4,87.59
8.65,32.17,5.43,17.63,1177.33,744.81,55.45
8.5,29.24,7.81,31.02,748.68,386.99,65.84
5.08,81.9,2.24,10.0,1864.23,1026.83,33.05
8.29,47.87,4.66,12.03,1534.14,987.39,45.2
9.64,41.54,2.95,39.6,1214.01,579.86,41.42
6.59,25.18,7.88,27.68,626.14,461.4,69.15
8.09,60.66,4.03,31.06,1390.46,673.84,52.13
6.76,28.81,8.61,17.78,314.0,149.67,77.14
8.07,36.41,4.68,14.26,714.1,383.66,59.58
6.84,12.97,7.23,26.82,447.47,275.71,77.59
6.62,20.23,6.36,18.35,438.01,260.77,73.57
8.12,72.73,3.92,34.85,1410.91,725.79,47.87
9.67,53.5,3.57,15.46,1142.43,746.76,45.39
4.5,27.09,2.76,12.43,1248.95,795.04,43.94
7.02,16.53,8.77,24.39,554.8,328.18,75.09
5.44,44.73,5.94,17.01,1465.63,994.49,51.24
8.02,18.59,7.4,20.7,774.13,466.41,68.09
8.06,55.91,7.3,18.28,1158.95,598.96,57.1
7.0,12.7,6.53,22.6,517.23,280.78,76.27
7.24,48.69,5.27,27.98,784.45,558.55,61.05
7.83,35.42,5.21,16.69,891.44,545.29,59.02
7.89,5.31,9.36,18.27,204.06,110.92,86.51
8.42,43.43,3.0,36.77,1490.24,756.59,45.44
6.59,16.18,6.71,21.35,487.44,302.63,74.74
9.79,63.65,3.35,36.83,824.62,474.71,46.38
7.83,53.06,6.72,26.14,955.5,511.79,61.37
6.4,8.23,6.61,25.23,121.12,62.55,89.64
8.1,26.37,8.85,29.79,633.33,336.8,70.02
7.49,36.85,6.28,17.41,539.92,364.41,66.31
5.47,26.4,3.69,13.14,913.8,564.68,53.6
6.38,46.47,5.7,29.81,1259.57,806.56,55.94
5.89,24.8,4.83,16.79,1022.15,500.72,60.13
7.79,17.52,6.41,16.57,627.99,337.65,69.14
7.76,40.98,7.14,29.55,1094.93,698.07,59.26
8.53,41.5,5.91,29.64,730.66,477.75,61.89
7.69,51.95,5.85,17.7,1304.78,672.48,55.17
5.64,46.19,3.87,30.5,799.46,551.3,57.1
8.28,55.21,5.45,15.86,996.4,570.02,54.75
5.47,89.46,4.14,35.13,1347.42,786.01,46.21
7.18,2.98,9.04,19.84,308.53,205.7,84.35
6.53,27.22,9.11,30.42,639.59,363.22,69.75
9.76,48.76,4.9,35.33,1140.86,699.1,47.39
6.45,31.23,9.25,23.46,748.31,482.57,67.27
6.95,5.09,7.28,28.17,459.26,244.05,80.66
5.11,64.08,2.98,18.29,1385.97,846.66,46.17
5.76,52.36,5.03,33.54,677.95,361.42,60.45
9.56,70.36,1.37,11.23,1805.74,1247.15,28.97
10.0,83.28,1.34,10.0,1651.83,918.15,26.87
7.53,16.61,8.57,17.37,665.19,446.07,69.03
7.45,0.5,7.65,25.66,345.46,192.28,85.79
8.64,47.03,1.57,35.34,1756.95,1177.39,38.39
7.55,17.24,8.96,23.3,411.85,294.67,76.91
5.07,47.11,4.69,32.0,1862.09,974.52,48.73
7.99,42.47,6.13,32.47,377.94,253.2,69.22
7.51,23.3,6.81,26.49,548.52,290.41,73.11
7.66,25.17,6.51,11.22,1052.43,526.63,56.22
5.39,43.94,2.41,32.98,1958.36,1075.14,43.85
6.37,24.46,7.09,27.09,650.12,418.38,69.37
6.51,11.91,7.38,21.71,290.3,147.69,82.92
9.37,42.18,4.84,16.49,1443.86,898.72,48.4
5.8,38.63,4.45,14.44,1010.55,671.53,52.98
8.87,57.12,3.27,16.93,1483.32,846.43,46.26
5.91,49.3,5.94,28.81,597.64,339.42,65.7
7.95,32.93,8.07,20.61,1001.56,608.44,62.16
6.04,12.21,7.06,24.47,521.19,287.93,76.16
6.38,22.06,10.35,21.14,367.9,196.81,78.4
7.31,11.7,7.91,16.75,274.48,146.17,81.04
7.4,23.85,6.95,18.71,385.73,247.14,74.3
5.42,51.42,4.74,14.57,716.85,442.78,56.13
5.65,36.46,6.8,32.45,834.48,475.77,61.41
8.22,52.39,6.79,34.34,899.16,620.86,55.96
5.25,33.96,4.6,14.46,828.25,513.12,55.77
6.96,4.44,11.4,22.78,498.72,373.16,79.12
7.27,21.88,6.55,25.57,509.6,320.47,73.21
7.01,2.11,8.26,26.85,167.35,93.13,91.09
6.01,39.07,6.45,34.85,1173.95,653.52,55.49
5.47,41.03,3.56,18.58,1099.87,613.54,53.88
8.98,48.78,6.26,36.14,1092.38,700.66,50.75
4.5,29.59,5.41,13.77,1638.77,1032.2,46.93
8.32,31.52,4.08,13.21,932.43,484.39,54.85
5.54,37.18,4.67,30.98,833.71,525.64,59.2
8.47,59.72,4.72,12.78,1796.28,995.36,44.18
6.81,0.5,10.43,23.61,160.32,103.56,92.2
8.75,78.22,2.47,15.76,1757.87,1015.77,40.72
9.92,35.11,5.52,14.71,1448.14,803.57,47.32
6.42,7.63,8.22,23.35,388.56,220.98,81.68
5.03,72.87,2.33,11.87,1406.16,978.43,37.01
7.12,10.02,10.3,25.56,205.57,157.38,86.16
7.18,14.66,7.15,23.16,677.86,352.12,73.17
5.92,70.2,2.69,12.92,1778.9,1069.35,40.04
5.77,36.69,9.24,16.45,630.48,344.42,65.72
7.66,15.22,7.68,17.37,609.09,357.23,71.02
7.15,21.65,8.52,18.39,430.68,288.86,73.92
7.02,10.73,8.5,22.91,367.9,189.15,81.99
5.82,19.58,6.89,23.19,436.14,263.96,75.02
5.87,30.85,6.05,18.67,987.8,491.48,61.73
8.62,43.48,4.2,35.71,957.0,669.59,51.28
6.44,21.34,9.13,30.45,472.26,191.91,76.54
6.82,12.03,8.51,23.67,66.1,43.85,91.24
6.3,24.97,7.69,21.44,1001.93,576.36,64.48
7.93,34.32,8.32,15.86,550.68,339.83,66.61
6.55,34.78,6.31,14.69,746.62,513.66,60.22
7.01,31.54,6.59,18.78,414.93,190.93,73.79
7.5,8.39,9.75,17.35,273.12,175.55,82.23
5.09,48.98,2.5,14.92,756.31,472.71,50.58
5.85,66.22,3.23,10.0,1174.73,656.72,42.63
6.6,42.85,6.37,15.81,801.15,394.76,61.67
8.07,34.15,6.64,30.35,763.43,444.0,64.34
6.22,27.03,7.09,20.71,863.58,472.99,65.61
4.5,67.73,4.57,35.15,1373.1,859.47,44.41
5.49,43.14,5.44,34.67,680.77,413.01,59.49
8.34,24.52,9.02,20.41,648.63,366.9,69.4
6.12,35.57,7.87,25.66,635.18,374.31,68.57
7.38,19.86,7.6,18.88,618.94,426.34,69.53
7.73,20.47,5.85,24.91,731.35,469.1,68.0
6.68,28.82,8.52,20.58,584.14,343.49,70.66
7.6,28.86,6.62,30.18,388.86,235.04,73.75
7.35,23.55,7.13,27.45,533.69,381.43,71.46
6.44,28.31,6.98,27.23,460.15,280.2,73.18
7.98,22.46,6.76,22.86,727.29,537.56,66.75
8.75,68.12,5.09,15.25,1487.92,790.78,47.88
5.9,42.29,3.14,12.93,1192.9,689.39,47.69
5.6,33.63,6.92,17.76,863.88,504.19,61.36
7.29,18.47,9.38,18.35,264.45,147.85,80.79
7.09,35.82,8.22,18.47,434.15,251.06,72.0
9.14,57.64,2.88,35.47,1398.06,962.23,41.99
5.78,29.22,5.99,27.88,944.23,679.0,61.15
5.52,32.04,5.24,31.27,1454.24,870.69,54.44
7.53,18.74,8.22,23.47,535.79,357.65,73.62
6.58,17.98,7.94,27.63,448.16,271.01,76.36
7.63,31.76,7.8,27.02,817.74,478.49,66.1
7.7,34.42,7.69,17.94,873.39,507.19,62.7
6.15,31.59,5.68,28.67,1383.57,841.65,57.56
8.46,29.41,6.54,15.61,596.19,319.32,65.41
6.84,13.7,8.09,17.26,392.57,272.44,75.98
6.64,18.79,8.95,21.64,633.35,319.11,73.43
5.91,23.64,5.54,16.9,715.18,485.97,63.42
8.51,20.76,4.01,26.25,830.7,464.76,63.67
8.13,30.64,3.69,37.46,1671.06,881.57,47.26
4.96,69.68,4.71,34.28,1302.53,870.14,46.85
7.58,76.72,5.69,29.8,1193.79,726.31,54.68
8.08,44.55,5.25,30.95,486.51,317.7,66.17
7.11,0.99,10.32,19.1,101.7,30.0,94.16
8.39,48.15,7.34,17.57,722.31,406.01,62.12
9.42,75.93,3.99,36.59,1000.24,667.28,45.06
8.39,60.02,3.92,15.9,987.44,569.23,52.14
8.85,23.28,4.52,14.37,1018.67,612.91,54.99
6.33,18.69,8.63,19.67,419.79,246.48,76.2
5.6,59.22,3.99,17.5,737.4,406.21,57.52
6.1,25.71,7.85,22.66,569.72,412.08,70.0
7.33,11.77,9.5,17.92,300.23,167.21,81.36
7.33,71.39,4.12,13.57,1099.66,686.61,49.03
7.54,43.62,5.86,26.81,876.43,498.15,62.54
6.51,0.57,10.11,24.19,350.19,205.76,86.09
5.98,24.99,7.57,31.09,927.12,630.97,62.67
4.6,81.28,5.04,15.82,1891.65,982.49,43.74
7.22,10.18,7.25,22.1,151.4,74.84,88.23
6.2,11.92,9.67,27.53,397.95,205.71,80.59
5.52,24.13,6.13,17.15,1131.27,669.11,58.62
7.66,23.93,4.61,31.21,758.94,520.18,63.16
5.09,23.5,4.23,16.69,872.64,575.19,57.58
7.53,21.21,8.52,31.03,331.41,169.73,78.46
8.41,36.61,6.86,29.03,1067.96,562.89,60.58
4.73,65.68,2.45,34.65,1751.53,1085.04,39.18
6.29,19.85,7.85,18.77,376.71,200.66,76.8
6.89,3.57,7.97,27.19,216.37,124.02,88.47
6.57,17.52,7.23,26.94,326.9,232.55,78.72
4.67,72.12,5.57,32.14,785.11,514.74,54.55
5.06,51.14,3.03,35.48,1816.23,1013.43,42.35
6.45,11.93,11.08,17.79,168.98,96.43,85.66
6.82,8.19,7.62,24.64,338.77,235.6,81.82
6.56,42.41,8.49,30.05,743.62,451.13,64.92
7.7,17.82,7.23,29.61,673.95,377.3,70.76
8.54,39.38,6.25,31.03,1003.6,604.12,58.37
4.88,49.65,5.78,29.83,1067.36,700.52,54.49
7.85,37.21,4.9,10.75,1571.84,796.15,47.16
4.5,68.41,4.1,34.21,1581.71,1037.63,42.88
8.02,40.43,4.64,14.55,1525.86,1043.14,48.88
6.42,11.5,7.45,30.52,499.56,308.56,75.42
8.76,76.04,3.4,10.12,1339.15,906.67,38.59
7.68,47.98,3.77,14.77,1479.3,827.77,48.63
7.42,41.93,7.67,26.3,794.14,548.66,63.93
5.22,64.01,4.01,15.27,1068.87,637.13,49.42
9.07,81.72,3.26,13.87,1613.09,928.78,40.78
8.1,30.38,6.39,25.59,867.81,527.07,64.08
7.94,40.62,4.93,17.39,949.13,589.97,57.41
7.76,25.56,8.51,28.33,799.97,448.83,67.72
7.06,11.47,8.7,19.87,271.37,152.08,83.23
5.19,58.52,2.37,11.73,1281.28,789.4,39.97
7.11,13.62,6.39,18.44,274.5,209.42,78.98
6.63,12.08,7.28,21.75,182.28,113.39,85.66
7.54,10.09,6.27,17.96,383.85,221.8,77.69
7.82,37.26,8.26,15.87,566.21,324.14,66.45
7.6,34.93,7.07,18.95,520.85,345.17,68.57
7.92,26.88,8.94,21.37,873.25,545.85,65.4
6.5,30.11,6.24,25.78,333.98,227.21,75.41
5.47,65.69,1.82,12.63,857.26,574.71,43.47
6.94,3.12,8.54,23.86,364.61,174.31,85.39
8.04,23.74,6.03,22.27,440.87,215.54,74.58
7.17,13.73,8.35,23.9,474.47,285.35,77.45
8.37,24.02,6.71,18.69,803.66,464.47,64.67
4.5,43.84,3.58,39.21,1715.02,1073.65,38.33
8.55,44.98,5.62,18.28,598.3,383.86,62.78
8.04,36.32,6.28,30.43,971.13,684.54,59.32
7.29,22.55,5.81,19.12,945.8,513.68,64.18
6.36,26.93,5.31,33.33,1365.37,873.98,55.58
5.67,46.76,5.49,17.06,1070.32,738.67,54.26
5.68,40.52,4.66,29.12,869.18,447.76,60.79
8.87,35.28,4.52,12.88,581.35,272.43,59.91
6.49,6.72,9.16,22.44,98.62,61.75,91.59
8.39,75.06,2.37,12.69,1030.34,514.91,45.02
5.78,37.12,3.85,32.24,1298.16,827.99,52.29
6.07,62.78,4.44,35.39,1052.22,612.89,51.56
8.39,26.92,7.38,17.14,816.3,473.73,63.21
5.68,37.96,6.08,33.64,754.08,516.09,59.81
8.0,17.25,7.07,28.77,653.07,348.43,71.51
7.03,9.45,8.12,27.08,453.5,255.5,79.53
7.53,23.03,6.88,16.48,969.08,494.48,63.2
7.31,17.13,6.21,20.37,477.27,268.57,74.68
9.71,89.5,1.63,36.53,1950.43,1110.77,31.57
6.26,53.1,5.14,14.52,728.78,447.37,57.62
8.02,49.45,6.22,29.37,971.67,499.92,60.4
9.0,65.97,1.08,13.47,760.92,426.58,42.9
6.97,32.93,7.96,33.13,662.01,359.0,66.69
6.36,18.1,6.17,26.61,707.21,471.63,68.98
6.77,22.96,5.46,17.66,459.16,255.2,71.65
6.19,27.25,4.91,27.34,887.86,580.16,62.56
6.76,40.94,5.82,25.14,420.19,276.8,71.23
9.2,57.8,6.18,17.09,853.78,460.93,56.27
9.41,40.69,2.62,10.0,1004.34,547.57,42.38
4.5,67.54,3.49,10.0,1368.8,870.65,37.14
6.29,31.98,5.27,18.21,600.41,345.1,66.28
7.15,6.93,10.84,25.19,472.46,304.48,79.98
8.82,41.39,1.41,10.0,1237.45,843.78,35.85
6.19,34.14,8.32,18.6,804.93,525.76,63.47
7.83,32.42,6.84,16.51,396.02,217.78,71.34
7.04,7.23,9.31,20.98,493.54,260.87,79.6
7.95,37.4,5.67,19.09,1014.96,574.98,59.54
6.27,23.67,6.95,25.71,562.27,300.96,72.63
7.53,35.28,6.22,22.28,676.44,442.7,66.1
7.23,15.35,9.35,24.0,527.7,317.97,76.01
8.1,39.33,4.27,36.02,967.75,651.96,52.75
7.4,5.11,10.79,27.96,274.15,172.0,86.02
5.04,83.93,1.61,38.02,1274.81,668.33,36.98
6.52,17.6,10.65,24.02,517.55,377.82,74.46
4.6,30.12,3.72,36.24,1835.71,1255.33,43.5
6.32,36.24,3.53,33.85,1287.67,768.34,51.87
4.58,88.19,1.33,10.94,1595.3,1006.31,29.56
5.21,35.89,5.84,31.89,949.72,504.72,59.04
8.73,17.58,6.01,34.12,1011.52,638.24,59.44
8.61,86.45,4.62,35.0,1212.41,850.87,46.92
7.86,19.69,5.29,15.87,930.12,615.17,60.46
7.96,38.75,4.94,33.55,1290.36,659.06,54.72
6.11,13.02,7.44,21.41,673.16,374.89,72.45
6.75,12.37,10.07,25.57,225.7,146.25,85.32
6.44,26.03,5.45,29.7,395.52,226.49,73.69
4.5,48.88,2.8,34.98,1208.55,686.0,44.62
5.27,50.68,5.53,15.07,1124.69,702.14,51.55
7.02,14.39,8.6,24.11,210.39,128.68,85.12
8.57,83.61,2.56,37.61,1202.01,794.1,40.73
8.07,32.54,5.71,33.81,1194.91,692.74,56.15
7.05,14.9,7.29,27.04,490.14,259.85,76.93
7.18,16.01,10.59,18.52,133.4,67.55,86.63
7.7,21.06,6.6,28.04,931.03,496.93,66.35
6.0,6.04,7.65,19.77,629.12,421.36,73.66
5.91,22.2,7.4,16.61,928.81,611.3,61.82
7.13,24.74,8.21,23.97,429.37,273.11,75.41
6.06,44.12,1.0,33.7,1376.32,770.84,42.06
8.5,42.6,5.04,36.23,1317.33,891.55,48.94
6.72,26.28,8.18,26.56,744.33,531.4,67.33
5.08,34.82,3.11,17.15,1371.84,883.36,48.52
7.73,18.64,7.73,26.75,543.14,348.22,73.34
6.42,43.25,5.7,34.53,710.02,383.14,61.52
6.9,10.58,8.48,23.39,243.73,177.53,84.2
6.5,22.05,8.34,25.77,504.45,275.87,75.02
6.19,22.75,4.39,26.86,599.35,387.85,67.97
7.47,28.95,6.97,19.8,539.11,310.85,70.6
5.13,52.75,4.34,33.89,909.64,533.62,53.41
5.13,21.17,6.66,15.8,881.59,443.61,61.98
8.61,30.43,4.08,13.18,1000.01,714.74,51.26
7.25,16.64,7.27,25.35,403.46,237.36,78.12
6.88,18.94,9.64,18.32,395.42,230.37,76.7
7.3,0.95,9.41,17.06,189.95,111.7,88.21
6.83,20.38,9.36,22.55,393.64,214.88,78.42
7.03,9.95,10.24,18.06,157.15,117.54,86.07
9.48,69.27,6.44,32.58,543.04,374.2,58.99
7.13,3.43,10.08,21.6,104.3,104.61,91.47
5.89,17.21,7.64,31.33,496.38,258.15,73.96
5.44,41.92,5.98,29.25,1095.78,760.22,56.55
7.48,25.53,5.64,20.41,1042.02,650.89,61.67
7.86,31.41,4.67,17.25,884.34,494.97,60.14
4.77,31.23,4.89,30.69,1141.73,757.67,54.43
5.86,29.19,3.68,17.59,1285.62,658.44,54.89
5.23,73.97,1.87,31.37,866.26,435.34,49.68
7.53,26.04,6.85,18.69,647.57,433.7,67.14
6.74,14.04,10.26,24.22,465.68,279.99,78.1
8.03,25.17,8.18,22.97,531.41,328.05,72.12
7.64,29.94,6.53,15.39,560.68,363.31,65.77
8.3,31.52,7.34,14.05,571.0,398.18,63.1
6.63,38.6,7.87,30.65,853.59,428.95,64.56
8.4,74.57,5.07,14.45,1452.67,853.87,47.15
7.74,21.76,8.59,19.87,487.14,257.59,74.42
5.12,23.02,4.29,13.68,1070.22,686.17,52.91
8.04,17.0,6.7,20.78,549.45,312.27,72.82
7.77,25.54,6.1,29.53,656.19,392.68,67.99
8.81,14.87,6.9,17.54,738.76,479.32,65.64
6.93,10.84,6.85,30.59,477.93,302.9,75.84
4.55,40.07,3.41,32.83,860.52,457.23,53.63
7.29,8.06,10.8,28.51,206.27,170.99,85.92
7.37,26.3,7.53,28.58,588.14,313.4,71.6
6.69,17.34,9.79,23.79,621.42,392.11,73.17
8.15,35.97,5.99,29.67,510.64,294.39,68.81
6.64,15.58,10.83,23.04,488.85,303.46,76.79
6.94,1.95,10.61,21.41,385.4,192.78,85.09
8.59,49.26,7.56,30.97,795.76,522.77,60.21
6.37,17.02,8.76,29.34,552.02,360.89,73.22
6.35,17.29,8.16,21.36,636.12,380.17,72.01
5.88,29.86,5.19,16.13,650.3,441.8,62.37
7.56,18.56,8.66,22.35,347.57,221.14,78.85
5.68,28.89,7.29,31.91,824.54,528.29,62.68
8.21,43.35,5.8,12.67,931.63,559.82,53.83
5.12,59.17,1.77,38.45,1143.48,691.49,38.88
7.99,63.46,6.16,14.56,1046.44,612.12,53.33
7.12,13.87,7.0,21.04,453.07,303.18,75.96
5.82,48.81,6.92,16.6,1209.19,644.16,55.5
8.1,49.83,4.23,17.98,702.78,378.6,60.36
8.95,58.95,4.78,33.45,794.08,515.4,54.62
5.23,27.47,6.56,14.04,1006.19,705.28,55.16
6.26,24.11,8.87,22.04,419.15,250.99,75.71
7.62,3.33,9.4,23.95,342.55,193.77,85.06
5.41,70.7,2.79,32.74,984.28,684.49,48.31
6.12,33.44,5.13,23.31,1060.13,752.45,59.01
7.84,23.35,6.11,17.86,809.07,537.98,63.58
8.05,37.48,7.87,30.46,747.58,437.52,64.71
6.08,34.28,4.34,30.72,668.32,345.67,64.44
5.6,45.25,4.68,16.64,849.43,621.14,55.42
6.0,41.7,4.88,16.49,1004.79,638.47,55.61
8.13,30.35,7.28,30.12,776.96,485.5,64.65
6.62,47.21,6.38,13.64,1064.04,673.56,53.83
7.1,26.29,5.52,18.19,871.62,609.66,61.79
7.38,12.18,10.94,26.01,385.06,176.36,82.3
7.93,29.03,9.73,26.7,527.0,249.2,73.83
7.9,35.18,6.84,15.27,601.03,349.17,64.61
7.79,17.76,10.84,21.69,578.95,350.7,73.64
6.71,13.11,10.48,23.14,415.29,279.14,78.89
5.01,45.38,3.15,35.72,946.07,578.97,49.17
6.62,50.02,7.06,31.17,730.93,413.11,63.61
7.76,34.2,5.55,17.66,1554.1,893.59,54.49
7.52,17.93,6.88,26.77,404.39,199.86,78.22
6.11,71.07,3.95,31.43,1289.12,871.83,50.01
6.02,35.64,8.35,16.53,472.59,258.69,69.48
7.9,36.3,6.37,34.04,1008.0,647.9,57.43
8.38,49.45,5.73,30.57,587.98,343.11,64.26
6.91,9.62,10.4,20.16,423.02,218.96,80.52
8.39,50.66,6.25,16.51,691.74,333.23,62.03
6.79,14.87,9.64,22.14,360.36,160.04,81.78
6.52,2.36,7.72,19.63,429.65,280.9,80.45
6.91,4.12,9.62,17.91,385.22,168.83,82.98
9.69,62.51,6.34,32.88,1055.47,637.31,50.94
7.17,4.29,10.41,27.74,395.79,237.53,83.03
9.8,64.48,3.23,12.75,1524.16,1065.4,37.37
5.76,52.16,4.77,18.53,924.0,475.06,57.9
7.06,11.32,7.64,23.26,271.57,166.16,83.49
7.33,36.0,7.52,14.75,654.93,441.05,62.75
6.27,26.47,6.08,34.6,715.87,496.25,62.42
7.89,25.34,6.13,14.27,798.19,509.05,60.69
6.09,23.06,9.22,25.28,413.45,290.03,75.4
7.58,20.38,8.76,25.38,438.38,259.53,76.64
7.89,28.86,6.28,30.0,758.88,479.73,64.88
7.35,7.32,7.8,27.41,166.88,110.99,88.09
6.16,58.11,6.31,16.14,1126.87,701.57,54.08
5.72,48.35,6.09,31.31,657.71,416.82,62.49
8.18,27.0,6.3,28.43,636.58,446.15,66.93
6.78,11.56,6.96,25.86,410.32,224.57,79.66
8.85,39.84,4.12,15.34,1513.36,978.23,47.59
8.26,53.34,2.89,30.52,1482.47,779.66,49.1
8.68,86.17,2.88,33.2,1800.74,1039.81,42.34
7.52,12.87,7.7,25.28,196.76,83.13,86.75
6.22,58.85,4.48,29.69,1639.12,947.24,51.27
8.36,47.46,5.45,33.07,636.63,316.96,62.8
7.14,0.5,11.32,20.94,338.82,215.93,85.65
9.16,97.05,2.38,40.0,1696.63,911.19,33.27
7.39,25.85,7.33,28.21,755.46,443.53,67.87
7.21,36.53,4.72,17.64,644.89,331.26,64.72
6.42,20.64,7.77,17.36,508.21,352.35,70.78
8.11,24.71,6.01,18.2,1418.89,804.6,57.55
7.46,63.23,6.18,30.08,936.51,607.82,58.25
8.96,45.19,4.42,35.03,879.13,517.78,53.51
7.69,32.08,7.48,24.75,545.99,311.12,71.28
7.69,25.03,8.51,24.45,459.91,252.17,75.32
8.57,82.68,3.51,36.38,1533.2,889.66,42.73
8.48,55.67,6.11,31.1,1022.85,672.58,55.7
7.21,7.82,9.35,21.9,423.61,296.6,79.64
8.11,97.12,2.92,12.73,1862.48,991.66,39.65
6.3,60.51,5.52,29.07,1037.94,656.06,57.0
5.83,29.07,4.89,30.32,825.35,459.56,62.75
5.61,53.35,5.31,31.44,1161.37,727.01,53.99
8.77,36.49,4.13,31.74,1310.93,867.66,51.7
8.35,22.33,5.61,24.03,1229.37,738.78,60.49
5.53,44.95,5.68,14.37,1502.71,1000.58,48.84
5.59,24.47,6.03,18.79,532.43,307.16,69.22
7.57,16.7,7.21,20.13,479.05,264.66,75.28
6.16,38.32,8.86,27.27,1119.64,627.66,61.62
5.07,72.41,5.05,33.67,1460.55,933.24,47.07
6.51,14.43,6.39,26.18,467.81,281.24,76.19
8.61,77.72,2.85,12.81,1538.01,821.18,40.94
6.14,26.34,5.84,26.22,610.48,370.38,69.17
5.88,54.85,3.43,14.39,890.25,538.6,51.69
7.75,20.53,8.75,23.52,379.46,209.47,78.32
4.57,36.5,4.22,13.74,1571.85,1069.91,44.39
5.2,76.98,5.77,37.57,1593.67,870.48,44.34
8.42,21.95,7.33,30.9,1157.46,732.78,60.51
8.86,47.26,2.28,11.99,1674.24,964.41,38.71
5.6,41.87,5.17,32.35,865.94,570.56,57.68
6.21,25.41,7.48,27.26,404.86,286.12,74.33
6.26,19.83,7.42,27.97,502.75,287.14,74.32
9.09,30.93,2.24,28.45,1043.95,735.76,50.93
7.95,17.05,10.35,23.83,440.41,293.73,76.63
7.0,13.32,5.68,29.14,225.22,135.61,82.5
7.29,16.62,9.34,19.24,326.66,168.93,80.25
7.96,17.0,8.31,18.77,575.46,353.86,71.71
5.68,21.17,7.08,22.84,563.71,417.2,69.96
6.14,41.33,7.46,19.15,657.19,403.86,65.33
7.21,13.17,6.07,28.12,534.28,409.84,72.79
7.73,12.55,10.51,29.52,369.54,209.58,80.27
9.34,30.97,3.81,12.38,1412.15,903.35,44.74
6.4,60.11,4.87,29.23,1212.39,734.44,54.81
5.07,93.17,3.59,38.48,1296.49,720.83,41.32
6.47,6.2,7.82,24.38,506.42,305.73,78.81
6.02,35.43,5.9,32.55,1003.82,578.99,59.02
6.8,36.79,9.95,18.15,450.48,311.13,70.59
6.59,14.57,8.95,25.14,529.95,340.98,75.58
6.85,0.5,8.49,24.05,74.88,56.61,94.96
8.75,56.14,4.14,15.51,1130.29,697.99,49.6
7.98,13.98,7.99,24.85,379.18,253.22,78.51
7.1,16.01,9.01,22.59,393.82,261.12,78.33
5.07,60.9,4.11,14.51,1109.79,690.25,47.98
7.32,19.79,8.13,20.68,538.25,298.99,73.9
4.99,46.86,4.82,18.75,1201.04,720.22,52.6
7.59,21.33,8.49,23.19,431.2,214.99,77.36
8.19,20.46,7.57,20.93,658.18,440.84,68.84
5.2,67.59,4.38,14.81,782.72,446.81,53.54
9.38,72.44,5.16,35.99,987.74,665.57,47.71
9.18,24.39,3.77,33.8,1216.84,824.52,51.32
6.27,37.19,4.58,35.3,887.74,562.29,56.2
6.42,17.78,9.38,31.53,442.98,257.32,75.57
8.73,26.4,6.84,31.63,1421.11,864.8,56.22
4.59,24.53,5.34,33.1,1141.37,770.84,54.07
7.6,17.33,8.64,20.9,835.69,487.01,68.77
5.88,28.77,8.21,19.39,634.86,372.5,68.19
7.51,44.33,5.38,29.85,493.03,353.41,66.71
6.34,10.17,7.09,25.61,249.14,158.11,83.96
6.24,50.64,4.82,32.85,1048.33,622.58,55.28
6.71,11.06,8.86,20.54,281.5,172.84,82.9
5.63,73.6,3.9,13.72,919.16,540.33,50.07
7.29,23.15,6.91,17.24,384.63,233.67,73.9
6.87,6.51,9.82,25.4,374.11,279.85,81.66
6.83,21.31,8.68,17.17,448.1,239.37,74.23
8.94,41.84,7.42,15.77,602.26,427.69,60.9
5.79,32.87,7.31,27.42,698.5,368.65,67.59
6.21,30.83,4.71,30.95,790.57,431.8,63.09
7.69,15.88,6.88,27.7,621.92,319.58,73.31
7.26,18.03,10.55,19.97,233.66,185.32,81.42
6.79,9.06,9.46,23.9,126.09,74.18,90.27
8.42,26.34,7.23,27.98,948.18,482.8,64.64
9.44,36.19,3.02,33.33,1278.5,695.54,48.01
8.46,24.63,7.86,30.17,669.04,399.68,67.68
8.94,89.33,5.05,16.34,1038.29,591.75,50.89
5.26,44.51,5.39,16.62,883.51,518.0,56.72
7.66,32.73,4.06,15.39,696.04,432.92,60.02
6.07,19.68,6.79,26.33,559.67,356.11,72.06
8.26,41.67,2.75,16.27,1296.97,811.41,48.21
5.02,54.35,5.01,14.37,1087.06,644.25,50.1
8.29,75.81,1.43,15.66,1880.35,1197.98,37.04
7.02,5.46,11.03,27.82,638.57,452.69,75.8
7.76,24.02,8.03,28.67,433.36,279.81,74.34
9.52,30.93,3.84,16.16,1559.72,1005.82,46.87
5.84,73.06,3.64,33.8,961.25,544.13,51.94
6.57,46.58,5.92,27.64,898.65,607.72,60.57
5.01,69.3,4.92,14.32,1331.72,870.67,45.94
8.42,16.99,7.36,22.3,426.29,267.29,75.38
7.74,48.26,4.02,15.81,832.35,481.12,56.39
6.32,7.36,9.88,24.84,334.81,132.2,85.5
6.35,68.34,2.61,32.7,824.16,590.64,51.44
6.35,18.22,6.97,31.66,810.0,438.37,67.42
8.67,56.01,3.09,13.1,1665.64,1009.51,41.58
6.91,12.47,9.1,24.93,169.53,77.62,88.24
7.12,0.5,6.93,19.22,313.54,167.37,85.18
7.72,20.75,8.94,26.73,560.13,337.43,73.34
5.68,32.21,4.65,19.16,884.63,544.12,59.74
5.61,37.18,3.87,12.84,1138.52,557.58,51.03
7.16,19.73,5.65,22.76,447.78,263.68,74.75
6.54,21.35,9.44,19.54,576.37,341.93,72.09
7.93,75.57,4.59,33.49,638.99,354.28,59.29
8.46,53.1,6.96,27.38,939.01,598.04,59.27
8.71,56.99,5.39,19.6,789.55,553.86,57.52
7.46,13.07,10.36,23.76,650.42,332.58,75.32
7.7,13.89,6.07,19.99,843.96,516.98,67.37
5.79,16.1,7.88,18.73,1023.86,586.48,64.61
6.51,39.68,8.12,27.25,754.88,428.0,66.33
5.79,23.76,5.0,33.19,802.48,516.83,61.45
8.02,40.74,4.22,34.77,1200.12,634.08,52.93
9.74,74.55,5.01,10.09,1500.12,888.93,37.84
6.86,11.6,6.22,20.53,451.51,263.24,76.84
6.49,34.59,4.95,31.22,1143.51,655.69,57.94
8.63,36.03,5.06,17.73,702.25,463.57,60.59
6.13,44.67,2.97,32.73,905.82,581.54,53.74
8.56,60.22,4.8,35.96,1409.72,906.25,46.7
7.58,20.57,6.35,20.39,526.23,271.15,73.17
5.5,52.56,4.54,34.96,734.84,378.09,57.35
5.16,44.88,2.02,36.78,1865.5,1201.98,38.15
6.12,24.39,7.56,22.72,779.26,413.04,68.44
8.03,26.67,5.69,19.87,919.35,562.91,62.35
6.05,38.4,5.98,31.75,621.05,417.67,64.18
6.11,53.96,4.62,13.25,860.0,480.53,54.01
7.47,16.51,9.29,19.06,413.93,284.71,76.0
5.55,54.61,3.88,35.29,646.12,466.43,55.09
7.38,14.51,8.31,25.13,249.41,183.13,82.7
6.87,3.67,7.15,18.67,393.76,200.38,81.69
6.16,18.91,5.98,29.42,667.99,464.6,68.07
6.14,58.41,5.5,31.31,582.08,307.47,64.45
6.38,21.25,7.91,22.87,528.46,379.49,72.35
6.07,25.8,6.61,15.82,548.08,330.56,67.46
7.52,39.91,7.85,16.75,1147.24,789.71,56.8
5.73,31.47,5.96,29.77,618.17,424.99,65.68
8.77,62.94,6.46,31.4,745.44,452.1,59.15
9.5,86.99,2.65,16.16,1065.48,589.42,44.49
7.36,42.28,5.45,11.83,645.51,353.58,58.91
7.89,55.79,3.01,35.66,679.71,384.79,54.85
6.18,30.0,4.07,30.37,1219.62,714.97,56.71
6.18,50.25,7.42,28.17,1007.6,570.79,60.6
7.3,5.1,9.97,20.87,386.81,261.26,81.69
9.39,38.01,3.52,34.93,1618.05,1018.21,44.46
6.25,40.03,7.42,32.77,550.18,333.94,66.74
8.72,56.42,6.0,29.16,1202.23,650.75,55.38
8.67,60.55,2.71,38.41,1641.86,843.96,39.62
8.96,39.35,5.36,16.68,1076.04,601.92,54.73
5.15,71.95,3.64,14.59,1538.04,928.21,43.48
5.87,75.91,3.75,13.25,1252.7,630.39,47.01
6.97,45.28,4.58,33.16,1199.48,625.93,55.03
5.13,34.84,8.06,15.18,1163.68,667.78,55.17
6.26,26.59,7.78,25.21,1036.88,621.39,64.0
5.07,60.88,2.11,39.13,1885.05,1293.48,33.66
5.72,36.45,6.0,37.12,1605.29,1115.34,48.32
5.67,77.75,3.43,34.24,1370.08,801.42,46.3
5.52,18.13,6.73,28.57,597.2,363.31,70.5
6.23,36.75,4.93,18.4,1065.06,632.39,57.73
6.17,46.77,6.3,17.54,825.62,437.25,61.18
8.66,41.79,3.33,31.59,729.76,534.97,56.04
9.36,45.57,4.43,39.7,1451.62,799.01,41.7
6.91,10.18,9.01,20.57,363.24,192.79,81.61
7.23,35.21,2.48,10.64,1141.61,784.17,44.38
6.26,81.63,3.12,12.23,1483.87,824.23,42.33
8.06,28.46,1.61,33.55,1576.9,959.6,45.27
6.91,11.5,11.77,16.23,201.09,162.58,82.37
8.04,30.38,7.54,16.47,767.51,412.87,64.07
5.99,25.16,6.0,19.27,503.98,342.95,69.53
6.91,6.5,11.18,19.83,433.93,243.25,80.85
4.5,42.29,1.34,40.0,1654.58,1029.33,31.14
6.46,12.44,10.74,24.75,352.85,162.44,82.94
8.25,31.65,4.03,12.61,980.12,593.01,52.48
8.24,35.93,5.0,22.22,876.61,505.47,61.51
5.62,39.78,3.75,30.68,1179.08,720.69,53.67
5.58,34.63,5.21,14.88,750.83,462.38,58.85
7.11,4.52,9.83,24.71,339.32,247.51,83.65
7.85,56.31,3.45,16.15,1535.6,1067.74,46.62
7.14,0.5,7.19,23.88,254.85,138.98,88.47
8.34,27.96,5.68,16.62,1019.66,655.05,57.97
7.95,34.03,6.3,24.55,592.12,392.98,67.84
7.1,11.24,10.6,25.12,275.64,170.51,84.35
8.74,38.66,3.45,18.17,1246.28,731.64,51.45
6.82,14.08,10.67,21.5,149.95,92.27,87.39
7.52,20.86,8.04,17.14,671.5,402.27,68.28
6.38,14.27,6.18,26.04,564.36,268.52,75.28
4.9,62.47,5.23,37.9,1309.71,724.37,45.32
7.18,41.02,6.02,29.76,693.22,399.82,65.2
5.79,15.95,7.47,28.34,741.24,415.87,69.94
8.34,29.01,4.33,14.21,732.04,389.04,59.58
9.67,50.36,4.79,16.93,781.21,503.14,53.61
5.96,57.36,3.76,32.0,1234.5,709.09,51.56
6.84,16.12,6.9,25.09,518.48,319.59,74.89
9.16,69.85,2.56,13.59,980.38,677.35,43.16
7.43,28.6,8.1,23.35,804.76,478.43,67.1
6.76,0.5,10.68,18.64,234.07,138.73,88.15
5.67,57.63,1.46,31.49,1166.9,745.88,44.64
8.68,40.75,5.03,12.42,1022.43,681.72,50.23
6.51,18.53,7.64,16.32,554.12,354.15,70.05
4.88,36.16,2.69,13.47,1574.27,948.33,42.56
6.3,32.52,5.21,17.87,618.21,415.8,64.44
6.0,38.93,8.11,13.71,844.14,507.43,58.54
7.51,22.78,8.27,18.49,934.11,526.69,65.05
8.38,28.81,3.37,16.2,634.38,381.81,60.47
6.49,23.66,9.17,19.81,610.56,311.53,71.9
7.38,40.45,7.15,30.48,816.14,483.53,63.38
5.19,36.38,4.46,35.78,654.04,437.07,57.28
8.04,35.32,6.83,27.63,684.71,424.7,66.22
6.44,13.77,6.66,19.17,335.59,208.03,78.49
6.86,23.6,8.27,20.25,857.02,526.01,66.39
7.77,35.01,5.86,30.52,850.76,580.48,61.34
7.69,35.66,3.37,11.28,1252.27,675.89,47.66
9.12,47.6,2.19,14.45,1282.99,798.41,42.39
8.4,44.94,3.36,11.72,1442.25,747.39,44.63
4.5,42.78,2.21,12.44,1791.66,1169.35,36.4
7.08,9.85,8.89,18.88,396.56,254.63,78.88
9.0,68.83,3.74,32.82,1113.78,717.28,48.54
8.05,18.29,6.28,17.99,448.05,282.49,72.49
6.15,61.01,4.75,14.75,1525.77,886.49,48.3
5.99,33.3,4.62,14.33,990.57,688.55,54.16
7.92,16.88,4.59,14.53,727.35,485.82,62.11
5.63,56.32,5.41,36.01,1059.28,593.55,52.15
6.63,10.58,9.23,22.58,472.62,256.9,79.12
6.65,7.3,6.92,16.45,419.36,267.98,76.6
6.88,10.43,10.36,26.65,372.64,184.47,82.71
5.67,70.7,3.78,39.28,783.06,425.83,49.23
7.52,13.62,9.73,16.95,393.62,208.55,77.69
5.57,49.99,4.16,31.57,1340.22,688.23,52.37
7.01,9.32,11.01,22.89,373.46,200.87,82.67
8.59,34.63,5.34,16.04,857.2,476.01,58.71
5.47,25.24,6.37,34.91,1160.34,609.93,57.36
8.95,76.74,2.36,17.21,1168.59,804.02,43.96
9.42,49.91,4.87,10.97,1740.66,939.48,40.92
6.42,32.12,4.57,34.81,1169.11,654.1,55.12
7.11,7.54,9.12,26.34,405.87,240.41,81.58
7.01,18.77,7.6,16.97,726.83,490.95,66.77
7.47,17.02,8.93,22.22,389.99,283.95,77.31
7.75,78.86,3.54,15.22,1346.05,752.68,47.35
7.27,31.24,7.57,28.13,957.47,582.67,63.77
9.47,35.95,3.71,34.24,770.97,501.26,53.59
7.36,19.49,4.77,30.27,587.17,319.34,70.03
7.71,30.65,4.54,15.64,921.5,535.19,58.23
5.85,62.06,6.24,17.76,947.16,533.07,57.3
5.78,18.29,6.92,29.42,941.72,611.44,64.51
9.18,49.22,5.02,16.78,1454.32,872.66,48.79
7.77,37.73,7.38,28.63,576.94,330.51,68.96
6.47,29.73,6.61,21.59,731.78,461.12,66.41
5.66,34.33,4.94,15.05,1470.88,843.45,51.45
7.04,13.84,9.75,16.59,436.12,279.41,75.3
6.01,52.03,5.45,28.19,759.62,421.92,62.44
6.8,11.72,8.38,16.53,308.81,145.63,80.62
7.92,27.3,6.66,15.88,680.11,427.55,64.25
6.85,26.21,9.54,31.02,613.65,320.09,71.0
7.45,38.22,8.63,16.64,286.96,177.95,74.27
7.4,10.6,7.29,20.0,374.58,208.31,79.86
7.95,38.43,8.05,10.6,896.93,584.87,53.69
8.93,28.51,3.49,33.06,1121.92,789.15,51.86
8.55,93.39,5.29,12.68,1020.84,666.57,47.78
7.76,20.46,8.01,28.2,671.08,419.2,70.17
5.45,50.33,4.69,11.55,1909.09,1253.57,42.1
9.16,30.67,5.75,32.21,1118.8,747.1,54.99
8.81,81.2,2.14,10.24,1048.85,567.11,39.3
6.12,48.27,7.05,20.2,734.19,336.39,65.44
5.71,47.79,5.05,16.02,870.28,512.41,56.61
6.49,25.19,6.54,32.63,831.94,576.61,62.83
6.63,14.76,6.92,22.66,585.74,356.13,73.56
6.31,3.9,6.62,24.97,463.69,224.22,81.29
8.61,63.19,3.13,15.12,777.81,460.96,51.98
6.03,15.37,5.15,28.29,657.42,338.9,70.77
5.92,48.28,5.85,18.42,821.03,507.87,59.8
5.64,53.7,3.77,29.64,1076.3,717.44,53.13
6.23,9.82,7.47,23.04,558.94,349.61,75.55
8.51,54.62,5.6,18.03,856.94,561.58,56.97
7.29,13.96,8.39,19.8,427.79,217.96,78.36
7.64,80.24,3.39,34.48,1682.32,1150.02,44.12
